player_name,team_name,position,source_url,resolved_pff_player_id,resolved_team,match_reason,pff_player_id,snaps_offense,snaps_defense,snaps_special_teams,stats_pass_block_snaps,stats_run_block_snaps,stats_pass_rush_snaps,stats_pff_coverage_snaps,grades_defense,grades_coverage_db,grades_tackle_db,stats_pressures,stats_sacks,stats_hits,stats_hurries,stats_run_stops,stats_tackles,stats_assists,stats_missed_tackles,stats_forced_fumbles,stats_targets_allowed,stats_receptions_allowed,stats_yards_allowed,stats_tds_allowed,stats_interceptions_def,stats_pass_breakups,stats_passer_rating_allowed,stats_yards_per_coverage_snap,snaps_slot_cb,snaps_outside_cb,grades_pass_rush,grades_offense,grades_run_block,grades_run_block_rb,stats_carries,stats_rushing_yards,stats_rushing_tds,stats_broken_tackles,stats_elusive_rating,stats_first_downs_rushing,stats_fumbles,grades_pass_block,stats_targets,stats_receptions,stats_receiving_yards,stats_receiving_tds,stats_drops,stats_yac,stats_contested_catches,stats_first_downs_receiving,stats_route_participation_pct,snaps_slot,snaps_inline_te,grades_pass_route,stats_yards_per_route_run,grades_hands_drop,stats_yac_per_reception,stats_adot,stats_catch_rate,grades_run_defense_dl,snaps_interior_dl,grades_coverage_lb,grades_tackle,grades_run_defense_lb,snaps_in_box_lb,snaps_off_ball_lb,grades_pass,grades_run_qb,stats_attempts,stats_completions,stats_passing_yards,stats_passing_tds,stats_interceptions,stats_big_time_throws,stats_turnover_worthy_plays,stats_adjusted_completion_pct,stats_pressure_to_sack,stats_time_to_throw,stats_yards_per_attempt,grades_run_rb,stats_yards_after_contact,stats_contested_catch_rate,snaps_in_box_db,snaps_free_safety,snaps_strong_safety,snaps_deep_safety
Aden Willis,Marshall,CB,https://premium.pff.com/ncaa/players/2025/REGPO/aden-willis/205021/snaps,205021,Marshall Thundering Herd,exact-name+position+team,205021,,,,,,,,,,,,,,,,,,,,,,,,,,,,,,,,,,,,,,,,,,,,,,,,,,,,,,,,,,,,,,,,,,,,,,,,,,,,,,,,,,,,,
Ah'Marion Ashley,,CB,https://premium.pff.com/ncaa/players/2025/REGPO/ah-marion-ashley/173502/snaps,173502,Fresno State Bulldogs,exact-name+position,173502,,,,,,,,,,,,,,,,,,,,,,,,,,,,,,,,,,,,,,,,,,,,,,,,,,,,,,,,,,,,,,,,,,,,,,,,,,,,,,,,,,,,,
Aidan Singleton,,CB,https://premium.pff.com/ncaa/players/2025/REGPO/aidan-singleton/172091/snaps,172091,Lehigh Mountain Hawks,exact-name+position,172091,0,723,66,0,0,0,435,71.6,69.5,61.6,0,0,0,0,8,35,7,7,0,68,33,397,3,2,8,69.3,0.913,1,685,,,,,,,,,,,,,,,,,,,,,,,,,,,,,,,,,,,,,,,,,,,,,,,,,,,,,,,,
Amarion York,Oregon State,CB,https://premium.pff.com/ncaa/players/2025/REGPO/amarion-york/184251/snaps,184251,Oregon State Beavers,exact-name+team,184251,,,,,,,,,,,,,,,,,,,,,,,,,,,,,,,,,,,,,,,,,,,,,,,,,,,,,,,,,,,,,,,,,,,,,,,,,,,,,,,,,,,,,
Anthony Busa,Stonehill,CB,https://premium.pff.com/ncaa/players/2025/REGPO/anthony-busa/196472/snaps,196472,Tennessee Tech Golden Eagles,exact-name,196472,0,704,166,0,0,0,352,73.1,70.5,86.4,1,1,0,0,10,52,18,7,0,31,15,180,0,2,4,39.7,0.511,61,1,75.9,,,,,,,,,,,,,,,,,,,,,,,,,,,,,,,,,,,,,,,,,,,,,,,,,,,,,,,
Ashton Parker,,CB,https://premium.pff.com/ncaa/players/2025/REGPO/ashton-parker/190398/snaps,190398,Appalachian State Mountaineers,exact-name+position,190398,,,,,,,,,,,,,,,,,,,,,,,,,,,,,,,,,,,,,,,,,,,,,,,,,,,,,,,,,,,,,,,,,,,,,,,,,,,,,,,,,,,,,
Bernard Lackey,East Carolina,CB,https://premium.pff.com/ncaa/players/2025/REGPO/bernard-lackey-jr/198348/snaps,198348,East Carolina Pirates,partial-name+position+team,198348,,,,,,,,,,,,,,,,,,,,,,,,,,,,,,,,,,,,,,,,,,,,,,,,,,,,,,,,,,,,,,,,,,,,,,,,,,,,,,,,,,,,,
Braylon Vincent,LIU Post,CB,https://premium.pff.com/ncaa/players/2025/REGPO/braylon-vincent/192475/snaps,192475,LIU Sharks,exact-name+position+team-loose,192475,0,627,89,0,0,2,327,78.6,79.1,67.1,1,0,0,1,5,34,8,6,0,46,23,242,3,3,4,60.2,0.74,9,544,56.5,,,,,,,,,,,,,,,,,,,,,,,,,,,,,,,,,,,,,,,,,,,,,,,,,,,,,,,
Brice Turner,Nebraska,CB,https://premium.pff.com/ncaa/players/2025/REGPO/brice-turner/170244/snaps,170244,Houston Christian Huskies,exact-name+position,170244,1,0,154,0,1,0,0,,,,,,,,,,,,,,,,,,,,,,,,60,60,60,0,0,0,0,100,0,0,,,,,,,,,,,,,,,,,,,,,,,,,,,,,,,,,,,,,,,,,,,,,
Courage Ugo,Utah State,CB,https://premium.pff.com/ncaa/players/2025/REGPO/courage-ugochukwu/184921/snaps,184921,UAB Blazers,partial-name+position,184921,0,126,31,0,0,3,69,54.9,54.8,27.9,0,0,0,0,1,3,0,4,0,9,6,105,1,0,0,143.3,1.522,3,111,52.8,,,,,,,,,,,,,,,,,,,,,,,,,,,,,,,,,,,,,,,,,,,,,,,,,,,,,,,
Da'Marcus Crosby,Virginia,CB,https://premium.pff.com/ncaa/players/2025/REGPO/da-marcus-crosby-ii/170496/snaps,170496,Virginia Cavaliers,partial-name+team,170496,0,39,11,0,0,0,25,65.2,63.2,55,0,0,0,0,0,3,1,1,0,1,1,8,0,0,0,100,0.32,6,0,,,,,,,,,,,,,,,,,,,,,,,,,,,,,,,,,,,,,,,,,,,,,,,,,,,,,,,,
Daytin Baker,,CB,https://premium.pff.com/ncaa/players/2025/REGPO/daytin-baker/167165/snaps,167165,Albany State Golden Rams,exact-name,167165,0,43,5,0,0,0,27,70.7,70.3,81.1,0,0,0,0,0,1,2,0,0,1,0,0,0,0,0,39.6,0,1,0,,,,,,,,,,,,,,,,,,,,,,,,,,,,,,,,,,,,,,,,,,,,,,,,,,,,,,,,
Demarcus Griffin-Taylor,Louisiana Tech,CB,https://premium.pff.com/ncaa/players/2025/REGPO/demarcus-griffin-taylor/144249/snaps,144249,Louisiana Tech Bulldogs,exact-name+position+team,144249,,,,,,,,,,,,,,,,,,,,,,,,,,,,,,,,,,,,,,,,,,,,,,,,,,,,,,,,,,,,,,,,,,,,,,,,,,,,,,,,,,,,,
Diandre Harris,,CB,https://premium.pff.com/ncaa/players/2025/REGPO/diandre-harris/149358/snaps,149358,Connecticut Huskies,exact-name,149358,0,0,13,0,0,0,0,,,,,,,,,,,,,,,,,,,,,,,,,,,,,,,,,,,,,,,,,,,,,,,,,,,,,,,,,,,,,,,,,,,,,,,,,,,,,,
DJ Watkins,,CB,https://premium.pff.com/ncaa/players/2025/REGPO/dj-watkins/204644/snaps,204644,Arkansas State Red Wolves,exact-name+position,204644,,,,,,,,,,,,,,,,,,,,,,,,,,,,,,,,,,,,,,,,,,,,,,,,,,,,,,,,,,,,,,,,,,,,,,,,,,,,,,,,,,,,,
DK McGruder,Mississippi State,CB,https://premium.pff.com/ncaa/players/2025/REGPO/dk-mcgruder/183430/snaps,183430,Mississippi State Bulldogs,exact-name+position+team,183430,,,,,,,,,,,,,,,,,,,,,,,,,,,,,,,,,,,,,,,,,,,,,,,,,,,,,,,,,,,,,,,,,,,,,,,,,,,,,,,,,,,,,
Dorian Mallary,South Florida,CB,https://premium.pff.com/ncaa/players/2025/REGPO/dorian-mallary-jr/206247/snaps,206247,USF Bulls,partial-name+position,206247,,,,,,,,,,,,,,,,,,,,,,,,,,,,,,,,,,,,,,,,,,,,,,,,,,,,,,,,,,,,,,,,,,,,,,,,,,,,,,,,,,,,,
Edwin White Schultz,,CB,https://premium.pff.com/ncaa/players/2025/REGPO/edwin-white-schultz/144583/snaps,144583,North Alabama Lions,exact-name,144583,,,,,,,,,,,,,,,,,,,,,,,,,,,,,,,,,,,,,,,,,,,,,,,,,,,,,,,,,,,,,,,,,,,,,,,,,,,,,,,,,,,,,
Gary Turner,Georgia State,CB,https://premium.pff.com/ncaa/players/2025/REGPO/gary-turner-jr/189975/snaps,189975,Georgia State Panthers,partial-name+position+team,189975,,,,,,,,,,,,,,,,,,,,,,,,,,,,,,,,,,,,,,,,,,,,,,,,,,,,,,,,,,,,,,,,,,,,,,,,,,,,,,,,,,,,,
Jabrae Shaw,Arkansas,CB,https://premium.pff.com/ncaa/players/2025/REGPO/jabrae-shaw/172425/snaps,172425,Arkansas Razorbacks,exact-name+position+team,172425,,,,,,,,,,,,,,,,,,,,,,,,,,,,,,,,,,,,,,,,,,,,,,,,,,,,,,,,,,,,,,,,,,,,,,,,,,,,,,,,,,,,,
Jacolby Spells,,CB,https://premium.pff.com/ncaa/players/2025/REGPO/jacolby-spells/157358/snaps,157358,West Virginia Mountaineers,exact-name+position,157358,,,,,,,,,,,,,,,,,,,,,,,,,,,,,,,,,,,,,,,,,,,,,,,,,,,,,,,,,,,,,,,,,,,,,,,,,,,,,,,,,,,,,
Jacory Johnson,,CB,https://premium.pff.com/ncaa/players/2025/REGPO/jacory-johnson/193167/snaps,193167,Memphis Tigers,exact-name,193167,0,0,3,0,0,0,0,,,,,,,,,,,,,,,,,,,,,,,,,,,,,,,,,,,,,,,,,,,,,,,,,,,,,,,,,,,,,,,,,,,,,,,,,,,,,,
Jameel Croft,Kansas,CB,https://premium.pff.com/ncaa/players/2025/REGPO/jameel-croft-jr/173071/snaps,173071,Charlotte 49ers,partial-name+position,173071,0,2,23,0,0,0,0,62.9,,74.8,0,0,0,0,0,1,0,0,0,0,0,0,0,0,0,0,,2,0,,,,,,,,,,,,,,,,,,,,,,,,,,,,,,,,,,,,,,,,,,,,,,,,,,,,,,,,
James Monds,Eastern Michigan,CB,https://premium.pff.com/ncaa/players/2025/REGPO/james-monds-iii/156407/snaps,156407,Eastern Michigan Eagles,partial-name+position+team,156407,0,176,126,0,0,3,63,51.7,52.9,46.6,1,0,0,1,0,6,4,3,0,10,6,98,1,0,0,126.3,1.556,34,135,55.1,,,,,,,,,,,,,,,,,,,,,,,,,,,,,,,,,,,,,,,,,,,,,,,,,,,,,,,
Jamier Johnson,UCLA,CB,https://premium.pff.com/ncaa/players/2025/REGPO/jamier-johnson/144730/snaps,144730,UCLA Bruins,exact-name+position+team,144730,,,,,,,,,,,,,,,,,,,,,,,,,,,,,,,,,,,,,,,,,,,,,,,,,,,,,,,,,,,,,,,,,,,,,,,,,,,,,,,,,,,,,
JaQueraius Thomas,,CB,https://premium.pff.com/ncaa/players/2025/REGPO/jaqueraius-thomas/184378/snaps,184378,Troy Trojans,exact-name+position,184378,,,,,,,,,,,,,,,,,,,,,,,,,,,,,,,,,,,,,,,,,,,,,,,,,,,,,,,,,,,,,,,,,,,,,,,,,,,,,,,,,,,,,
John Hurley,,CB,https://premium.pff.com/ncaa/players/2025/REGPO/john-hurley/156372/snaps,156372,Virginia Cavaliers,exact-name+position,156372,0,0,5,0,0,0,0,,,,,,,,,,,,,,,,,,,,,,,,,,,,,,,,,,,,,,,,,,,,,,,,,,,,,,,,,,,,,,,,,,,,,,,,,,,,,,
John Randle,Purdue,CB,https://premium.pff.com/ncaa/players/2025/REGPO/john-randle-jr/183725/snaps,183725,Utah State Aggies,partial-name,183725,23,0,0,19,4,0,0,,,,,,,,,,,,,,,,,,,,,,,,55.7,54.9,54.9,0,0,0,0,100,0,0,54.2,0,0,0,0,0,0,0,0,0,0,0,,,,,,,,,,,,,,,,,,,,,,,,,,,,,,,,,
Joseph McGinnis,Arizona State,CB,https://premium.pff.com/ncaa/players/2025/REGPO/joseph-mcginnis-ii/176534/snaps,176534,Arizona State Sun Devils,partial-name+position+team,176534,,,,,,,,,,,,,,,,,,,,,,,,,,,,,,,,,,,,,,,,,,,,,,,,,,,,,,,,,,,,,,,,,,,,,,,,,,,,,,,,,,,,,
Joshua Nichols,,CB,https://premium.pff.com/ncaa/players/2025/REGPO/joshua-nichols/162823/snaps,162823,Michigan Wolverines,exact-name+position,162823,,,,,,,,,,,,,,,,,,,,,,,,,,,,,,,,,,,,,,,,,,,,,,,,,,,,,,,,,,,,,,,,,,,,,,,,,,,,,,,,,,,,,
Kaleb Anthony,,CB,https://premium.pff.com/ncaa/players/2025/REGPO/kaleb-anthony/147393/snaps,147393,Connecticut Huskies,exact-name,147393,,,,,,,,,,,,,,,,,,,,,,,,,,,,,,,,,,,,,,,,,,,,,,,,,,,,,,,,,,,,,,,,,,,,,,,,,,,,,,,,,,,,,
Kamani Jackson,Washington State,CB,https://premium.pff.com/ncaa/players/2025/REGPO/kamani-jackson/190374/snaps,190374,Washington State Cougars,exact-name+team,190374,,,,,,,,,,,,,,,,,,,,,,,,,,,,,,,,,,,,,,,,,,,,,,,,,,,,,,,,,,,,,,,,,,,,,,,,,,,,,,,,,,,,,
Kameron Pearson,,CB,https://premium.pff.com/ncaa/players/2025/REGPO/kameron-pearson/184357/snaps,184357,Texas State Bobcats,exact-name,184357,,,,,,,,,,,,,,,,,,,,,,,,,,,,,,,,,,,,,,,,,,,,,,,,,,,,,,,,,,,,,,,,,,,,,,,,,,,,,,,,,,,,,
Keenan Nelson,Ohio State,CB,https://premium.pff.com/ncaa/players/2025/REGPO/keenan-nelson-jr/158118/snaps,158118,Ohio State Buckeyes,partial-name+team,158118,0,0,34,0,0,0,0,,,,,,,,,,,,,,,,,,,,,,,,,,,,,,,,,,,,,,,,,,,,,,,,,,,,,,,,,,,,,,,,,,,,,,,,,,,,,,
Khamauri Rogers,Jackson State,CB,https://premium.pff.com/ncaa/players/2025/REGPO/khamauri-rogers/156342/snaps,156342,Jackson State Tigers,exact-name+position+team,156342,0,506,42,0,0,0,304,60.1,59.8,29.1,0,0,0,0,6,20,2,10,0,33,14,288,1,1,3,71.3,0.947,7,483,,,,,,,,,,,,,,,,,,,,,,,,,,,,,,,,,,,,,,,,,,,,,,,,,,,,,,,,
Khari Gee,Chattanooga,CB,https://premium.pff.com/ncaa/players/2025/REGPO/khari-gee/147491/snaps,147491,Chattanooga Mocs,exact-name+team,147491,0,392,69,0,0,4,203,57.9,60.9,36.4,1,0,0,1,10,30,11,13,0,17,15,180,0,1,0,86.3,0.887,72,1,56.5,,,,,,,,,,,,,,,,,,,,,,,,,,,,,,,,,,,,,,,,,,,,,,,,,,,,,,,
KJ Makins,Baylor,CB,https://premium.pff.com/ncaa/players/2025/REGPO/kj-makins/185987/snaps,185987,Baylor Bears,exact-name+position+team,185987,,,,,,,,,,,,,,,,,,,,,,,,,,,,,,,,,,,,,,,,,,,,,,,,,,,,,,,,,,,,,,,,,,,,,,,,,,,,,,,,,,,,,
Kolubah Pewee,UConn,CB,https://premium.pff.com/ncaa/players/2025/REGPO/kolubah-pewee/121601/snaps,121601,Army Black Knights,exact-name+position,121601,,,,,,,,,,,,,,,,,,,,,,,,,,,,,,,,,,,,,,,,,,,,,,,,,,,,,,,,,,,,,,,,,,,,,,,,,,,,,,,,,,,,,
Kyle Carpenter,Colorado,CB,https://premium.pff.com/ncaa/players/2025/REGPO/kyle-carpenter/204787/snaps,204787,North Carolina A&T Aggies,exact-name+position,204787,,,,,,,,,,,,,,,,,,,,,,,,,,,,,,,,,,,,,,,,,,,,,,,,,,,,,,,,,,,,,,,,,,,,,,,,,,,,,,,,,,,,,
Landon Hammond,Tulane,CB,https://premium.pff.com/ncaa/players/2025/REGPO/landon-hammond/199373/snaps,199373,Idaho Vandals,exact-name,199373,,,,,,,,,,,,,,,,,,,,,,,,,,,,,,,,,,,,,,,,,,,,,,,,,,,,,,,,,,,,,,,,,,,,,,,,,,,,,,,,,,,,,
Larry Tarver,,CB,https://premium.pff.com/ncaa/players/2025/REGPO/larry-tarver-jr/183588/snaps,183588,Nebraska Cornhuskers,partial-name+position,183588,0,19,1,0,0,0,7,70,64.6,74.2,0,0,0,0,0,0,1,0,0,0,0,0,0,0,0,0,0,0,18,,,,,,,,,,,,,,,,,,,,,,,,,,,,,,,,,,,,,,,,,,,,,,,,,,,,,,,,
Leonard Sherrod,Wheeling,CB,https://premium.pff.com/ncaa/players/2025/REGPO/leonard-sherrod/196378/snaps,196378,Tennessee Tech Golden Eagles,exact-name,196378,,,,,,,,,,,,,,,,,,,,,,,,,,,,,,,,,,,,,,,,,,,,,,,,,,,,,,,,,,,,,,,,,,,,,,,,,,,,,,,,,,,,,
Malcolm Reed,North Carolina Central,CB,https://premium.pff.com/ncaa/players/2025/REGPO/malcolm-reed/164772/snaps,164772,North Carolina Central Eagles,exact-name+team,164772,0,161,17,0,0,0,84,57.8,49,69.9,0,0,0,0,5,12,2,2,0,6,5,46,1,0,0,138.2,0.548,32,0,,,,,,,,,,,,,,,,,,,,,,,,,,,,,,,,,,,,,,,,,,,,,,,,,,,,,,,,
Markeith Williams,Miami,CB,https://premium.pff.com/ncaa/players/2025/REGPO/markeith-williams/162738/snaps,162738,Miami (FL) Hurricanes,exact-name+team-loose,162738,,,,,,,,,,,,,,,,,,,,,,,,,,,,,,,,,,,,,,,,,,,,,,,,,,,,,,,,,,,,,,,,,,,,,,,,,,,,,,,,,,,,,
Markevious Brown,,CB,https://premium.pff.com/ncaa/players/2025/REGPO/markevious-brown/146824/snaps,146824,Purdue Boilermakers,exact-name+position,146824,,,,,,,,,,,,,,,,,,,,,,,,,,,,,,,,,,,,,,,,,,,,,,,,,,,,,,,,,,,,,,,,,,,,,,,,,,,,,,,,,,,,,
Michael Gravely,Ball State,CB,https://premium.pff.com/ncaa/players/2025/REGPO/michael-gravely-jr/144959/snaps,144959,Ball State Cardinals,partial-name+team,144959,0,492,52,0,0,2,242,43,36.6,43.3,0,0,0,0,11,33,16,16,0,15,11,173,2,1,0,123.1,0.715,85,2,58.1,,,,,,,,,,,,,,,,,,,,,,,,,,,,,,,,,,,,,,,,,,,,,,,,,,,,,,,
Milt Ferguson,James Madison,CB,https://premium.pff.com/ncaa/players/2025/REGPO/milt-ferguson/189986/snaps,189986,James Madison Dukes,exact-name+position+team,189986,,,,,,,,,,,,,,,,,,,,,,,,,,,,,,,,,,,,,,,,,,,,,,,,,,,,,,,,,,,,,,,,,,,,,,,,,,,,,,,,,,,,,
Nijrell Eason,UNLV,CB,https://premium.pff.com/ncaa/players/2025/REGPO/nijrell-eason-ii/188486/snaps,188486,Northern Arizona Lumberjacks,partial-name+position,188486,0,6,2,0,0,0,3,63.6,62.7,,0,0,0,0,0,0,0,0,0,1,1,1,0,0,0,79.2,0.333,0,6,,,,,,,,,,,,,,,,,,,,,,,,,,,,,,,,,,,,,,,,,,,,,,,,,,,,,,,,
Noah Gibson,Coastal Carolina,CB,https://premium.pff.com/ncaa/players/2025/REGPO/noah-gibson/204778/snaps,204778,Coastal Carolina Chanticleers,exact-name+position+team,204778,0,0,2,0,0,0,0,,,,,,,,,,,,,,,,,,,,,,,,,,,,,,,,,,,,,,,,,,,,,,,,,,,,,,,,,,,,,,,,,,,,,,,,,,,,,,
Qualyn McQueen,Nebraska-Kearney,CB,https://premium.pff.com/ncaa/players/2025/REGPO/qualyn-mcqueen/165550/snaps,165550,Sacramento State Hornets,exact-name+position,165550,,,,,,,,,,,,,,,,,,,,,,,,,,,,,,,,,,,,,,,,,,,,,,,,,,,,,,,,,,,,,,,,,,,,,,,,,,,,,,,,,,,,,
Quincy Briggs,Georgetown,CB,https://premium.pff.com/ncaa/players/2025/REGPO/quincy-briggs/172017/snaps,172017,Georgetown Hoyas,exact-name+position+team,172017,0,527,39,0,0,6,266,76.8,75.5,61.1,0,0,0,0,14,31,6,7,0,40,19,324,3,5,3,60.8,1.218,6,457,51.8,,,,,,,,,,,,,,,,,,,,,,,,,,,,,,,,,,,,,,,,,,,,,,,,,,,,,,,
Richard Mosley,Stonehill,CB,https://premium.pff.com/ncaa/players/2025/REGPO/richard-mosley-iii/178116/snaps,178116,Colorado State Rams,partial-name+position,178116,0,718,80,0,0,11,335,77.5,79.2,66.9,3,1,1,1,26,61,9,11,1,50,28,294,1,2,3,63.3,0.878,6,604,60.9,,,,,,,,,,,,,,,,,,,,,,,,,,,,,,,,,,,,,,,,,,,,,,,,,,,,,,,
Richard Toney,Purdue,CB,https://premium.pff.com/ncaa/players/2025/REGPO/richard-toney-jr/146097/snaps,146097,Purdue Boilermakers,partial-name+team,146097,0,18,2,0,0,1,10,65,63,79.5,0,0,0,0,0,2,1,0,0,0,0,0,0,0,0,0,0,2,0,58.9,,,,,,,,,,,,,,,,,,,,,,,,,,,,,,,,,,,,,,,,,,,,,,,,,,,,,,,
Roger Jones,,CB,https://premium.pff.com/ncaa/players/2025/REGPO/roger-jones-jr/198069/snaps,198069,Air Force Falcons,partial-name,198069,0,719,94,0,0,14,377,60.1,51.7,58.7,0,0,0,0,25,56,30,18,0,32,26,375,2,2,0,110.3,0.995,112,15,53.2,,,,,,,,,,,,,,,,,,,,,,,,,,,,,,,,,,,,,,,,,,,,,,,,,,,,,,,
Sean Webb,New Hampshire,CB,https://premium.pff.com/ncaa/players/2025/REGPO/sean-webb/176961/snaps,176961,New Hampshire Wildcats,exact-name+position+team,176961,1,460,55,0,0,2,225,82.8,85.4,71,0,0,0,0,8,17,6,3,0,30,13,175,1,2,4,45.8,0.778,0,397,60,58,,,0,0,0,0,100,0,0,,0,0,0,0,0,0,0,0,100,0,0,57.7,0,,,,,,,,,,,,,,,,,,,,,,,,,,,,,,,
Sentel Simpson,Louisiana Tech,CB,https://premium.pff.com/ncaa/players/2025/REGPO/sentel-simpson/198690/snaps,198690,Louisiana Tech Bulldogs,exact-name+position+team,198690,0,0,6,0,0,0,0,,,,,,,,,,,,,,,,,,,,,,,,,,,,,,,,,,,,,,,,,,,,,,,,,,,,,,,,,,,,,,,,,,,,,,,,,,,,,,
Tayvon Nelson,Marshall,CB,https://premium.pff.com/ncaa/players/2025/REGPO/tayvon-nelson/170202/snaps,170202,Maryland Terrapins,exact-name,170202,,,,,,,,,,,,,,,,,,,,,,,,,,,,,,,,,,,,,,,,,,,,,,,,,,,,,,,,,,,,,,,,,,,,,,,,,,,,,,,,,,,,,
Tyrell Mims,,CB,https://premium.pff.com/ncaa/players/2025/REGPO/tyrell-mims/142398/snaps,142398,Villanova Wildcats,exact-name+position,142398,,,,,,,,,,,,,,,,,,,,,,,,,,,,,,,,,,,,,,,,,,,,,,,,,,,,,,,,,,,,,,,,,,,,,,,,,,,,,,,,,,,,,
Tyson Durant,,CB,https://premium.pff.com/ncaa/players/2025/REGPO/tyson-durant/130287/snaps,130287,Washington State Cougars,exact-name,130287,,,,,,,,,,,,,,,,,,,,,,,,,,,,,,,,,,,,,,,,,,,,,,,,,,,,,,,,,,,,,,,,,,,,,,,,,,,,,,,,,,,,,
Uriah Points,Liberty,CB,https://premium.pff.com/ncaa/players/2025/REGPO/uriah-points/198657/snaps,198657,Liberty Flames,exact-name+position+team,198657,,,,,,,,,,,,,,,,,,,,,,,,,,,,,,,,,,,,,,,,,,,,,,,,,,,,,,,,,,,,,,,,,,,,,,,,,,,,,,,,,,,,,
Yasir Muhammad,UNLV,CB,https://premium.pff.com/ncaa/players/2025/REGPO/yasir-muhammad/199402/snaps,199402,UNLV Rebels,exact-name+position+team,199402,,,,,,,,,,,,,,,,,,,,,,,,,,,,,,,,,,,,,,,,,,,,,,,,,,,,,,,,,,,,,,,,,,,,,,,,,,,,,,,,,,,,,
Zah'eed Pierre,Eastern Michigan,CB,https://premium.pff.com/ncaa/players/2025/REGPO/zah-eed-pierre/198387/snaps,198387,Alabama A&M Bulldogs,exact-name+position,198387,0,0,3,0,0,0,0,,,,,,,,,,,,,,,,,,,,,,,,,,,,,,,,,,,,,,,,,,,,,,,,,,,,,,,,,,,,,,,,,,,,,,,,,,,,,,
Zakaa Brown,,CB,https://premium.pff.com/ncaa/players/2025/REGPO/zakaa-brown/185295/snaps,185295,Towson Tigers,exact-name+position,185295,2,323,111,0,1,0,189,60.2,57.3,86.9,0,0,0,0,1,14,0,0,1,26,17,243,0,1,0,79.5,1.286,9,302,,73.1,60,60,0,0,0,0,0,0,0,,1,1,14,0,0,5,0,1,100,0,0,73.6,14,66.7,5,9,100,,,,,,,,,,,,,,,,,,,,,,,,,,,
Aaron Armitage,Florida International,DL,https://premium.pff.com/ncaa/players/2025/REGPO/aaron-armitage/146382/snaps,146382,Florida International Golden Panthers,exact-name+position+team,146382,,,,,,,,,,,,,,,,,,,,,,,,,,,,,,,,,,,,,,,,,,,,,,,,,,,,,,,,,,,,,,,,,,,,,,,,,,,,,,,,,,,,,
Blair Alexander,,DL,https://premium.pff.com/ncaa/players/2025/REGPO/blair-alexander/157424/snaps,157424,North Carolina State Wolfpack,exact-name+position,157424,,,,,,,,,,,,,,,,,,,,,,,,,,,,,,,,,,,,,,,,,,,,,,,,,,,,,,,,,,,,,,,,,,,,,,,,,,,,,,,,,,,,,
Branden Palmer,Georgia Southern,DL,https://premium.pff.com/ncaa/players/2025/REGPO/branden-palmer/174181/snaps,174181,North Carolina Central Eagles,exact-name,174181,0,0,53,0,0,0,0,,,,,,,,,,,,,,,,,,,,,,,,,,,,,,,,,,,,,,,,,,,,,,,,,,,,,,,,,,,,,,,,,,,,,,,,,,,,,,
Brien Taylor,Florida,DL,https://premium.pff.com/ncaa/players/2025/REGPO/brien-taylor-jr/184433/snaps,184433,Florida Gators,partial-name+position+team,184433,0,268,16,0,0,140,2,66.2,,,9,3,1,5,10,13,8,3,1,1,1,8,0,0,0,100,4,,,58.8,,,,,,,,,,,,,,,,,,,,,,,,,,,,,72.4,268,,,,,,,,,,,,,,,,,,,,,,,,,
Casey Fua'au,,DL,https://premium.pff.com/ncaa/players/2025/REGPO/casey-fua-au/190686/snaps,190686,Troy Trojans,exact-name+position,190686,1,0,14,1,0,0,0,,,,,,,,,,,,,,,,,,,,,,,,60,,,0,0,0,0,100,0,0,63.8,0,0,0,0,0,0,0,0,0,0,0,,,,,,,,,,,,,,,,,,,,,,,,,,,,,,,,,
Charlie Leota,Texas State,DL,https://premium.pff.com/ncaa/players/2025/REGPO/charlie-leota/174874/snaps,174874,Texas State Bobcats,exact-name+position+team,174874,1,0,1,0,1,0,0,,,,,,,,,,,,,,,,,,,,,,,,60,60,60,0,0,0,0,100,0,0,,,,,,,,,,,,,,,,,,,,,,,,,,,,,,,,,,,,,,,,,,,,,
Cole Sigler,,DL,https://premium.pff.com/ncaa/players/2025/REGPO/cole-sigler/177680/snaps,177680,Drake Bulldogs,exact-name,177680,2,191,157,0,2,94,3,66.2,,,6,2,2,2,8,7,6,3,0,0,0,0,0,0,0,0,0,,,63.5,60,60,60,0,0,0,0,100,0,0,,,,,,,,,,,,,,,,,,,58.7,190,,,,,,,,,,,,,,,,,,,,,,,,,
Delano Brown,UConn,DL,https://premium.pff.com/ncaa/players/2025/REGPO/delano-brown/204818/snaps,204818,Southeast Missouri State Redhawks,exact-name+position,204818,0,0,2,0,0,0,0,,,,,,,,,,,,,,,,,,,,,,,,,,,,,,,,,,,,,,,,,,,,,,,,,,,,,,,,,,,,,,,,,,,,,,,,,,,,,,
Dinellson Exume,South Florida,DL,https://premium.pff.com/ncaa/players/2025/REGPO/dinellson-exume/183436/snaps,183436,Grambling State Tigers,exact-name+position,183436,,,,,,,,,,,,,,,,,,,,,,,,,,,,,,,,,,,,,,,,,,,,,,,,,,,,,,,,,,,,,,,,,,,,,,,,,,,,,,,,,,,,,
Donovan Nevils,Memphis,DL,https://premium.pff.com/ncaa/players/2025/REGPO/donovan-nevils/125726/snaps,125726,North Alabama Lions,exact-name+position,125726,,,,,,,,,,,,,,,,,,,,,,,,,,,,,,,,,,,,,,,,,,,,,,,,,,,,,,,,,,,,,,,,,,,,,,,,,,,,,,,,,,,,,
Donquarius Parker,North Carolina Central,DL,https://premium.pff.com/ncaa/players/2025/REGPO/donquarius-parker/159732/snaps,159732,Arkansas State Red Wolves,exact-name,159732,1,404,95,0,1,180,22,72.8,,,16,8,3,5,20,18,12,3,1,4,2,5,0,0,0,56.3,0.227,,,65.3,60,60,60,0,0,0,0,100,0,0,,,,,,,,,,,,,,,,,,,74.9,378,,,,,,,,,,,,,,,,,,,,,,,,,
Finn Walters,Indiana,DL,https://premium.pff.com/ncaa/players/2025/REGPO/finn-walters/175987/snaps,175987,Indiana Hoosiers,exact-name+position+team,175987,0,0,2,0,0,0,0,,,,,,,,,,,,,,,,,,,,,,,,,,,,,,,,,,,,,,,,,,,,,,,,,,,,,,,,,,,,,,,,,,,,,,,,,,,,,,
Fitzgerald West,Louisiana,DL,https://premium.pff.com/ncaa/players/2025/REGPO/fitzgerald-west-jr/157107/snaps,157107,Louisiana Ragin' Cajuns,partial-name+position+team,157107,9,409,82,1,8,200,2,60.4,,,7,1,2,4,12,16,8,0,0,0,0,0,0,0,0,0,0,,,55.2,54.8,53.1,53.1,0,0,0,0,100,0,0,71,0,0,0,0,0,0,0,0,0,0,0,,,,,,,62.4,409,,,,,,,,,,,,,,,,,,,,,,,,,
Henry Hicks,Elizabeth City State,DL,https://premium.pff.com/ncaa/players/2025/REGPO/henry-hicks/211931/snaps,211931,Liberty Flames,exact-name+position,211931,0,29,2,0,0,10,0,53.8,,,1,0,0,1,1,1,0,0,0,0,0,0,0,0,0,0,,,,62.2,,,,,,,,,,,,,,,,,,,,,,,,,,,,,58.7,29,,,,,,,,,,,,,,,,,,,,,,,,,
Jack Dunkley,Duquesne,DL,https://premium.pff.com/ncaa/players/2025/REGPO/jack-dunkley/178229/snaps,178229,Wyoming Cowboys,exact-name,178229,0,559,38,0,0,293,11,71.2,,,30,5,6,19,19,21,3,4,0,2,1,5,0,0,0,56.3,0.455,,,69.1,,,,,,,,,,,,,,,,,,,,,,,,,,,,,71.9,559,,,,,,,,,,,,,,,,,,,,,,,,,
Jack Metzler,Fresno State,DL,https://premium.pff.com/ncaa/players/2025/REGPO/jack-metzler/198449/snaps,198449,Fresno State Bulldogs,exact-name+position+team,198449,,,,,,,,,,,,,,,,,,,,,,,,,,,,,,,,,,,,,,,,,,,,,,,,,,,,,,,,,,,,,,,,,,,,,,,,,,,,,,,,,,,,,
Jameil Hamm,Miami (OH),DL,https://premium.pff.com/ncaa/players/2025/REGPO/jameil-hamm/198772/snaps,198772,Miami (OH) RedHawks,exact-name+team,198772,,,,,,,,,,,,,,,,,,,,,,,,,,,,,,,,,,,,,,,,,,,,,,,,,,,,,,,,,,,,,,,,,,,,,,,,,,,,,,,,,,,,,
Javen Johnson,Coastal Carolina,DL,https://premium.pff.com/ncaa/players/2025/REGPO/javen-johnson/165429/snaps,165429,Hampton Pirates,exact-name+position,165429,,,,,,,,,,,,,,,,,,,,,,,,,,,,,,,,,,,,,,,,,,,,,,,,,,,,,,,,,,,,,,,,,,,,,,,,,,,,,,,,,,,,,
Jaxon Lee,Tulsa,DL,https://premium.pff.com/ncaa/players/2025/REGPO/jaxon-lee/143712/snaps,143712,Montana Grizzlies,exact-name,143712,,,,,,,,,,,,,,,,,,,,,,,,,,,,,,,,,,,,,,,,,,,,,,,,,,,,,,,,,,,,,,,,,,,,,,,,,,,,,,,,,,,,,
Jerald James,James Madison,DL,https://premium.pff.com/ncaa/players/2025/REGPO/jerald-james/204962/snaps,204962,Towson Tigers,exact-name,204962,0,0,1,0,0,0,0,,,,,,,,,,,,,,,,,,,,,,,,,,,,,,,,,,,,,,,,,,,,,,,,,,,,,,,,,,,,,,,,,,,,,,,,,,,,,,
Kavion Benton,Memphis,DL,https://premium.pff.com/ncaa/players/2025/REGPO/kavion-benton/193157/snaps,193157,North Alabama Lions,exact-name,193157,,,,,,,,,,,,,,,,,,,,,,,,,,,,,,,,,,,,,,,,,,,,,,,,,,,,,,,,,,,,,,,,,,,,,,,,,,,,,,,,,,,,,
Maxwell Roy,Ohio State,DL,https://premium.pff.com/ncaa/players/2025/REGPO/maxwell-roy/205321/snaps,205321,UCLA Bruins,exact-name+position,205321,,,,,,,,,,,,,,,,,,,,,,,,,,,,,,,,,,,,,,,,,,,,,,,,,,,,,,,,,,,,,,,,,,,,,,,,,,,,,,,,,,,,,
Nick Norris,Oregon State,DL,https://premium.pff.com/ncaa/players/2025/REGPO/nick-norris/147748/snaps,147748,Oregon State Beavers,exact-name+team,147748,0,0,2,0,0,0,0,,,,,,,,,,,,,,,,,,,,,,,,,,,,,,,,,,,,,,,,,,,,,,,,,,,,,,,,,,,,,,,,,,,,,,,,,,,,,,
Nolan Korzeniowski,,DL,https://premium.pff.com/ncaa/players/2025/REGPO/nolan-korzeniowski/160499/snaps,160499,Drake Bulldogs,exact-name+position,160499,2,489,86,0,2,274,0,67.3,,,13,4,4,5,16,17,12,5,0,0,0,0,0,0,0,0,,,,67.2,60,60,60,0,0,0,0,100,0,0,,,,,,,,,,,,,,,,,,,67.4,487,,,,,,,,,,,,,,,,,,,,,,,,,
Nykobi Brown,UConn,DL,https://premium.pff.com/ncaa/players/2025/REGPO/nykobi-brown/198322/snaps,198322,Colorado State Rams,exact-name+position,198322,,,,,,,,,,,,,,,,,,,,,,,,,,,,,,,,,,,,,,,,,,,,,,,,,,,,,,,,,,,,,,,,,,,,,,,,,,,,,,,,,,,,,
Sidney Dupuy,San Diego State,DL,https://premium.pff.com/ncaa/players/2025/REGPO/sidney-dupuy/204521/snaps,204521,San Diego State Aztecs,exact-name+position+team,204521,,,,,,,,,,,,,,,,,,,,,,,,,,,,,,,,,,,,,,,,,,,,,,,,,,,,,,,,,,,,,,,,,,,,,,,,,,,,,,,,,,,,,
Tonga Lolohea,Baylor,DL,https://premium.pff.com/ncaa/players/2025/REGPO/tonga-lolohea/150378/snaps,150378,Baylor Bears,exact-name+team,150378,,,,,,,,,,,,,,,,,,,,,,,,,,,,,,,,,,,,,,,,,,,,,,,,,,,,,,,,,,,,,,,,,,,,,,,,,,,,,,,,,,,,,
Xavier Esquillen,Savannah St,DL,https://premium.pff.com/ncaa/players/2025/REGPO/xavier-esquillen/181340/snaps,181340,Savannah State Tigers,exact-name+team-loose,181340,0,45,7,0,0,29,0,67.6,,,1,0,0,1,0,0,0,0,0,0,0,0,0,0,0,0,,,,67.4,,,,,,,,,,,,,,,,,,,,,,,,,,,,,71.5,45,,,,,,,,,,,,,,,,,,,,,,,,,
Alessandro Perez,Texas A&M,EDGE,https://premium.pff.com/ncaa/players/2025/REGPO/alessandro-perez/175939/snaps,175939,Texas A&M Aggies,exact-name+team,175939,,,,,,,,,,,,,,,,,,,,,,,,,,,,,,,,,,,,,,,,,,,,,,,,,,,,,,,,,,,,,,,,,,,,,,,,,,,,,,,,,,,,,
Axel Ramazani,Wyoming,EDGE,https://premium.pff.com/ncaa/players/2025/REGPO/axel-ramazani/200060/snaps,200060,Northern Iowa Panthers,exact-name+position,200060,,,,,,,,,,,,,,,,,,,,,,,,,,,,,,,,,,,,,,,,,,,,,,,,,,,,,,,,,,,,,,,,,,,,,,,,,,,,,,,,,,,,,
David Ojiegbe,Norfolk State,EDGE,https://premium.pff.com/ncaa/players/2025/REGPO/david-ojiegbe/170019/snaps,170019,Norfolk State Spartans,exact-name+position+team,170019,0,455,60,0,0,241,1,61.5,,,17,6,3,8,16,15,5,5,0,0,0,0,0,0,0,0,0,,,57.2,,,,,,,,,,,,,,,,,,,,,,,,,,,,,69.4,445,,,,,,,,,,,,,,,,,,,,,,,,,
Dylan Brooks,Kansas,EDGE,https://premium.pff.com/ncaa/players/2025/REGPO/dylan-brooks/146663/snaps,146663,Missouri State Bears,exact-name+position,146663,0,0,1,0,0,0,0,,,,,,,,,,,,,,,,,,,,,,,,,,,,,,,,,,,,,,,,,,,,,,,,,,,,,,,,,,,,,,,,,,,,,,,,,,,,,,
Gideon Herbert,Arkansas State,EDGE,https://premium.pff.com/ncaa/players/2025/REGPO/gideon-herbert/188338/snaps,188338,East Tennessee State Buccaneers,exact-name+position,188338,,,,,,,,,,,,,,,,,,,,,,,,,,,,,,,,,,,,,,,,,,,,,,,,,,,,,,,,,,,,,,,,,,,,,,,,,,,,,,,,,,,,,
Iliyas Fuavai,,EDGE,https://premium.pff.com/ncaa/players/2025/REGPO/iliyas-fuavai/163559/snaps,163559,Southern Miss Golden Eagles,exact-name,163559,,,,,,,,,,,,,,,,,,,,,,,,,,,,,,,,,,,,,,,,,,,,,,,,,,,,,,,,,,,,,,,,,,,,,,,,,,,,,,,,,,,,,
Jayshawn Ross,Kansas State,EDGE,https://premium.pff.com/ncaa/players/2025/REGPO/jayshawn-ross/184546/snaps,184546,Kansas State Wildcats,exact-name+position+team,184546,,,,,,,,,,,,,,,,,,,,,,,,,,,,,,,,,,,,,,,,,,,,,,,,,,,,,,,,,,,,,,,,,,,,,,,,,,,,,,,,,,,,,
Jermy Jackson,Texas State,EDGE,https://premium.pff.com/ncaa/players/2025/REGPO/jermy-jackson-jr/190102/snaps,190102,Texas State Bobcats,partial-name+position+team,190102,0,81,6,0,0,32,9,63.8,,,5,0,3,2,1,2,2,1,0,1,0,0,0,0,0,39.6,0,,,71.7,,,,,,,,,,,,,,,,,,,,,,,,,,,,,53.6,72,,,,,,,,,,,,,,,,,,,,,,,,,
Jordan Buckley,Western Michigan,EDGE,https://premium.pff.com/ncaa/players/2025/REGPO/jordan-buckley/193090/snaps,193090,Western Michigan Broncos,exact-name+position+team,193090,,,,,,,,,,,,,,,,,,,,,,,,,,,,,,,,,,,,,,,,,,,,,,,,,,,,,,,,,,,,,,,,,,,,,,,,,,,,,,,,,,,,,
Josh Dorsainvil,UCF,EDGE,https://premium.pff.com/ncaa/players/2025/REGPO/josh-dorsainvil/181336/snaps,181336,UCF Knights,exact-name+position+team,181336,0,0,6,0,0,0,0,,,,,,,,,,,,,,,,,,,,,,,,,,,,,,,,,,,,,,,,,,,,,,,,,,,,,,,,,,,,,,,,,,,,,,,,,,,,,,
Keenan Eck,West Virginia,EDGE,https://premium.pff.com/ncaa/players/2025/REGPO/keenan-eck/208862/snaps,208862,West Virginia Mountaineers,exact-name+position+team,208862,,,,,,,,,,,,,,,,,,,,,,,,,,,,,,,,,,,,,,,,,,,,,,,,,,,,,,,,,,,,,,,,,,,,,,,,,,,,,,,,,,,,,
Lawrence Falatea,Utah State,EDGE,https://premium.pff.com/ncaa/players/2025/REGPO/lawrence-falatea/146520/snaps,146520,Utah State Aggies,exact-name+position+team,146520,,,,,,,,,,,,,,,,,,,,,,,,,,,,,,,,,,,,,,,,,,,,,,,,,,,,,,,,,,,,,,,,,,,,,,,,,,,,,,,,,,,,,
Whitefield Powell,,EDGE,https://premium.pff.com/ncaa/players/2025/REGPO/whitefield-powell/176327/snaps,176327,Colorado State Rams,exact-name,176327,,,,,,,,,,,,,,,,,,,,,,,,,,,,,,,,,,,,,,,,,,,,,,,,,,,,,,,,,,,,,,,,,,,,,,,,,,,,,,,,,,,,,
AJ Roberts,Stony Brook,LB,https://premium.pff.com/ncaa/players/2025/REGPO/aj-roberts/123019/snaps,123019,Stony Brook Seawolves,exact-name+position+team,123019,0,731,63,0,0,150,219,67.5,,,11,4,2,5,24,38,9,9,1,22,12,117,0,1,2,50.8,0.534,,,61.2,,,,,,,,,,,,,,,,,,,,,,,,,,,,,,,58.7,57.9,73.1,293,343,,,,,,,,,,,,,,,,,,,,
Benjamin Hudson,,LB,https://premium.pff.com/ncaa/players/2025/REGPO/benjamin-hudson/157279/snaps,157279,Stanford Cardinal,exact-name+position,157279,,,,,,,,,,,,,,,,,,,,,,,,,,,,,,,,,,,,,,,,,,,,,,,,,,,,,,,,,,,,,,,,,,,,,,,,,,,,,,,,,,,,,
BJ Mayes,Purdue,LB,https://premium.pff.com/ncaa/players/2025/REGPO/bj-mayes/170852/snaps,170852,Purdue Boilermakers,exact-name+position+team,170852,,,,,,,,,,,,,,,,,,,,,,,,,,,,,,,,,,,,,,,,,,,,,,,,,,,,,,,,,,,,,,,,,,,,,,,,,,,,,,,,,,,,,
Carson Dean,Purdue,LB,https://premium.pff.com/ncaa/players/2025/REGPO/carson-dean/172403/snaps,172403,Purdue Boilermakers,exact-name+position+team,172403,0,0,4,0,0,0,0,,,,,,,,,,,,,,,,,,,,,,,,,,,,,,,,,,,,,,,,,,,,,,,,,,,,,,,,,,,,,,,,,,,,,,,,,,,,,,
Carter Herriman,Eastern Michigan,LB,https://premium.pff.com/ncaa/players/2025/REGPO/carter-herriman/184083/snaps,184083,Eastern Michigan Eagles,exact-name+position+team,184083,0,0,5,0,0,0,0,,,,,,,,,,,,,,,,,,,,,,,,,,,,,,,,,,,,,,,,,,,,,,,,,,,,,,,,,,,,,,,,,,,,,,,,,,,,,,
Chase Bogle,Arkansas State,LB,https://premium.pff.com/ncaa/players/2025/REGPO/chase-bogle/188332/snaps,188332,Arkansas State Red Wolves,exact-name+position+team,188332,,,,,,,,,,,,,,,,,,,,,,,,,,,,,,,,,,,,,,,,,,,,,,,,,,,,,,,,,,,,,,,,,,,,,,,,,,,,,,,,,,,,,
Darius Thomas,Oklahoma State,LB,https://premium.pff.com/ncaa/players/2025/REGPO/darius-thomas/163056/snaps,163056,Oklahoma State Cowboys,exact-name+position+team,163056,,,,,,,,,,,,,,,,,,,,,,,,,,,,,,,,,,,,,,,,,,,,,,,,,,,,,,,,,,,,,,,,,,,,,,,,,,,,,,,,,,,,,
DeeJay Holmes,Ole Miss,LB,https://premium.pff.com/ncaa/players/2025/REGPO/deejay-holmes-jr/172519/snaps,172519,Mississippi Rebels,partial-name,172519,0,54,3,0,0,14,15,66.7,,,2,0,0,2,3,4,1,1,0,0,0,0,0,0,0,0,0,,,61.4,,,,,,,,,,,,,,,,,,,,,,,,,,,,,,,65.7,62.9,64.7,0,2,,,,,,,,,,,,,,,,,,,,
Devon Anderson,Central Connecticut,LB,https://premium.pff.com/ncaa/players/2025/REGPO/devon-anderson/166607/snaps,166607,Central Connecticut State Blue Devils,exact-name+team-loose,166607,0,662,87,0,0,57,294,68.6,,,5,0,1,4,8,16,9,4,0,31,23,260,2,2,0,93.5,0.884,,,59.1,,,,,,,,,,,,,,,,,,,,,,,,,,,,,,,75.8,63.4,53.6,103,514,,,,,,,,,,,,,,,,,,,,
Devyn Curtis,Arkansas State,LB,https://premium.pff.com/ncaa/players/2025/REGPO/devyn-curtis/121800/snaps,121800,Arkansas State Red Wolves,exact-name+position+team,121800,0,0,101,0,0,0,0,,,,,,,,,,,,,,,,,,,,,,,,,,,,,,,,,,,,,,,,,,,,,,,,,,,,,,,,,,,,,,,,,,,,,,,,,,,,,,
Donelius Johnson,Kennesaw State,LB,https://premium.pff.com/ncaa/players/2025/REGPO/donelius-johnson/160380/snaps,160380,Kennesaw State Owls,exact-name+position+team,160380,,,,,,,,,,,,,,,,,,,,,,,,,,,,,,,,,,,,,,,,,,,,,,,,,,,,,,,,,,,,,,,,,,,,,,,,,,,,,,,,,,,,,
Gavin Taylor,Central Connecticut,LB,https://premium.pff.com/ncaa/players/2025/REGPO/gavin-taylor/165015/snaps,165015,Central Connecticut State Blue Devils,exact-name+team-loose,165015,0,649,67,0,0,341,56,75,,,44,7,10,27,16,18,7,9,2,10,6,69,0,0,0,80.8,1.232,,,83.2,,,,,,,,,,,,,,,,,,,,,,,,,,,,,,,68.7,50.6,64.5,14,29,,,,,,,,,,,,,,,,,,,,
Issac Covington,,LB,https://premium.pff.com/ncaa/players/2025/REGPO/issac-covington/190718/snaps,190718,Tulsa Golden Hurricane,exact-name+position,190718,0,0,40,0,0,0,0,,,,,,,,,,,,,,,,,,,,,,,,,,,,,,,,,,,,,,,,,,,,,,,,,,,,,,,,,,,,,,,,,,,,,,,,,,,,,,
Jackson Hamilton,Georgia Tech,LB,https://premium.pff.com/ncaa/players/2025/REGPO/jackson-hamilton/144157/snaps,144157,Georgia Tech Yellow Jackets,exact-name+position+team,144157,,,,,,,,,,,,,,,,,,,,,,,,,,,,,,,,,,,,,,,,,,,,,,,,,,,,,,,,,,,,,,,,,,,,,,,,,,,,,,,,,,,,,
Jarrett Reeser,Boise State,LB,https://premium.pff.com/ncaa/players/2025/REGPO/jarrett-reeser/158804/snaps,158804,Boise State Broncos,exact-name+team,158804,0,0,3,0,0,0,0,,,,,,,,,,,,,,,,,,,,,,,,,,,,,,,,,,,,,,,,,,,,,,,,,,,,,,,,,,,,,,,,,,,,,,,,,,,,,,
Jaylen Blackwell,Boston College,LB,https://premium.pff.com/ncaa/players/2025/REGPO/jaylen-blackwell/143816/snaps,143816,Boston College Eagles,exact-name+position+team,143816,,,,,,,,,,,,,,,,,,,,,,,,,,,,,,,,,,,,,,,,,,,,,,,,,,,,,,,,,,,,,,,,,,,,,,,,,,,,,,,,,,,,,
JJ Okate,Charlotte,LB,https://premium.pff.com/ncaa/players/2025/REGPO/jj-okate/193137/snaps,193137,Charlotte 49ers,exact-name+position+team,193137,2,0,149,0,2,0,0,,,,,,,,,,,,,,,,,,,,,,,,60,60,60,0,0,0,0,100,0,0,,,,,,,,,,,,,,,,,,,,,,,,,,,,,,,,,,,,,,,,,,,,,
Jordan Shuler,Air Force,LB,https://premium.pff.com/ncaa/players/2025/REGPO/jordan-shuler/186444/snaps,186444,Air Force Falcons,exact-name+position+team,186444,,,,,,,,,,,,,,,,,,,,,,,,,,,,,,,,,,,,,,,,,,,,,,,,,,,,,,,,,,,,,,,,,,,,,,,,,,,,,,,,,,,,,
JT Kouame-Yao,James Madison,LB,https://premium.pff.com/ncaa/players/2025/REGPO/jt-kouame-yao/187409/snaps,187409,James Madison Dukes,exact-name+position+team,187409,0,0,5,0,0,0,0,,,,,,,,,,,,,,,,,,,,,,,,,,,,,,,,,,,,,,,,,,,,,,,,,,,,,,,,,,,,,,,,,,,,,,,,,,,,,,
Kaidon Whidby,Liberty,LB,https://premium.pff.com/ncaa/players/2025/REGPO/kaidon-whidby/184697/snaps,184697,Liberty Flames,exact-name+position+team,184697,,,,,,,,,,,,,,,,,,,,,,,,,,,,,,,,,,,,,,,,,,,,,,,,,,,,,,,,,,,,,,,,,,,,,,,,,,,,,,,,,,,,,
Kam Weaver,Troy,LB,https://premium.pff.com/ncaa/players/2025/REGPO/kam-weaver/190709/snaps,190709,Troy Trojans,exact-name+position+team,190709,,,,,,,,,,,,,,,,,,,,,,,,,,,,,,,,,,,,,,,,,,,,,,,,,,,,,,,,,,,,,,,,,,,,,,,,,,,,,,,,,,,,,
Mihalis Santorineos,New Mexico,LB,https://premium.pff.com/ncaa/players/2025/REGPO/mihalis-santorineos/171563/snaps,171563,New Mexico Lobos,exact-name+position+team,171563,,,,,,,,,,,,,,,,,,,,,,,,,,,,,,,,,,,,,,,,,,,,,,,,,,,,,,,,,,,,,,,,,,,,,,,,,,,,,,,,,,,,,
Sampson Alofipo,,LB,https://premium.pff.com/ncaa/players/2025/REGPO/sampson-alofipo/200239/snaps,200239,Utah State Aggies,exact-name+position,200239,,,,,,,,,,,,,,,,,,,,,,,,,,,,,,,,,,,,,,,,,,,,,,,,,,,,,,,,,,,,,,,,,,,,,,,,,,,,,,,,,,,,,
Sekou Roland,,LB,https://premium.pff.com/ncaa/players/2025/REGPO/sekou-roland/167657/snaps,167657,Princeton Tigers,exact-name+position,167657,0,285,9,0,0,111,67,70.7,,,16,1,8,7,11,18,11,8,0,4,4,37,0,0,1,105.2,0.552,,,69.3,,,,,,,,,,,,,,,,,,,,,,,,,,,,,,,73.6,49.1,63.1,151,154,,,,,,,,,,,,,,,,,,,,
Taeshawn Alston,South Carolina,LB,https://premium.pff.com/ncaa/players/2025/REGPO/taeshawn-alston/199950/snaps,199950,North Carolina Central Eagles,exact-name+position,199950,,,,,,,,,,,,,,,,,,,,,,,,,,,,,,,,,,,,,,,,,,,,,,,,,,,,,,,,,,,,,,,,,,,,,,,,,,,,,,,,,,,,,
Talibi Kaba,Rutgers,LB,https://premium.pff.com/ncaa/players/2025/REGPO/talibi-kaba/199124/snaps,199124,Rutgers Scarlet Knights,exact-name+position+team,199124,,,,,,,,,,,,,,,,,,,,,,,,,,,,,,,,,,,,,,,,,,,,,,,,,,,,,,,,,,,,,,,,,,,,,,,,,,,,,,,,,,,,,
Trace Meadows,,LB,https://premium.pff.com/ncaa/players/2025/REGPO/trace-meadows/183995/snaps,183995,McNeese State Cowboys,exact-name+position,183995,0,0,9,0,0,0,0,,,,,,,,,,,,,,,,,,,,,,,,,,,,,,,,,,,,,,,,,,,,,,,,,,,,,,,,,,,,,,,,,,,,,,,,,,,,,,
Troy Ford,UCF,LB,https://premium.pff.com/ncaa/players/2025/REGPO/troy-ford-jr/174347/snaps,174347,UCF Knights,partial-name+position+team,174347,0,21,125,0,0,0,6,49.4,,,0,0,0,0,0,1,1,0,0,2,1,6,0,0,0,56.3,1,,,,,,,,,,,,,,,,,,,,,,,,,,,,,,,,,,52.2,75.8,53.2,16,18,,,,,,,,,,,,,,,,,,,,
Ty Howard,Ohio State,LB,https://premium.pff.com/ncaa/players/2025/REGPO/ty-howard/161224/snaps,161224,Ohio State Buckeyes,exact-name+position+team,161224,,,,,,,,,,,,,,,,,,,,,,,,,,,,,,,,,,,,,,,,,,,,,,,,,,,,,,,,,,,,,,,,,,,,,,,,,,,,,,,,,,,,,
Tyler Cain,Slippery Rock,LB,https://premium.pff.com/ncaa/players/2025/REGPO/tyler-cain/176199/snaps,176199,West Virginia Mountaineers,exact-name+position,176199,,,,,,,,,,,,,,,,,,,,,,,,,,,,,,,,,,,,,,,,,,,,,,,,,,,,,,,,,,,,,,,,,,,,,,,,,,,,,,,,,,,,,
Tyler Prasuhn,Arizona,LB,https://premium.pff.com/ncaa/players/2025/REGPO/tyler-prasuhn/207802/snaps,207802,Arizona Wildcats,exact-name+team,207802,0,0,3,0,0,0,0,,,,,,,,,,,,,,,,,,,,,,,,,,,,,,,,,,,,,,,,,,,,,,,,,,,,,,,,,,,,,,,,,,,,,,,,,,,,,,
Zion Fonua,Abilene Christian,LB,https://premium.pff.com/ncaa/players/2025/REGPO/zion-fonua/184049/snaps,184049,South Dakota Coyotes,exact-name+position,184049,0,566,39,0,0,152,184,69.1,,,13,2,3,8,29,37,12,8,1,24,18,142,0,1,2,71.9,0.772,,,59,,,,,,,,,,,,,,,,,,,,,,,,,,,,,,,64.2,61.7,76.5,316,346,,,,,,,,,,,,,,,,,,,,
Zyion Freer-Brown,Dartmouth,LB,https://premium.pff.com/ncaa/players/2025/REGPO/zyion-freer-brown/159310/snaps,159310,Dartmouth Big Green,exact-name+position+team,159310,0,580,44,0,0,46,285,57.7,,,13,2,4,7,26,54,23,9,0,38,32,375,1,1,0,105.6,1.316,,,62.4,,,,,,,,,,,,,,,,,,,,,,,,,,,,,,,44.1,76.8,67.8,506,567,,,,,,,,,,,,,,,,,,,,
Adrian Griffin,South Alabama,OL,https://premium.pff.com/ncaa/players/2025/REGPO/adrian-griffin/172307/snaps,172307,Alabama A&M Bulldogs,exact-name+position+team-loose,172307,,,,,,,,,,,,,,,,,,,,,,,,,,,,,,,,,,,,,,,,,,,,,,,,,,,,,,,,,,,,,,,,,,,,,,,,,,,,,,,,,,,,,
Aidan Johnson,,OL,https://premium.pff.com/ncaa/players/2025/REGPO/aidan-johnson/176114/snaps,176114,Towson Tigers,exact-name+position,176114,,,,,,,,,,,,,,,,,,,,,,,,,,,,,,,,,,,,,,,,,,,,,,,,,,,,,,,,,,,,,,,,,,,,,,,,,,,,,,,,,,,,,
Ailama Morton,Nevada,OL,https://premium.pff.com/ncaa/players/2025/REGPO/ailama-morton/205199/snaps,205199,Nevada Wolf Pack,exact-name+position+team,205199,,,,,,,,,,,,,,,,,,,,,,,,,,,,,,,,,,,,,,,,,,,,,,,,,,,,,,,,,,,,,,,,,,,,,,,,,,,,,,,,,,,,,
Andrew Threatt,Charleston Southern,OL,https://premium.pff.com/ncaa/players/2025/REGPO/andrew-threatt/162588/snaps,162588,Western Carolina Catamounts,exact-name+position,162588,765,0,0,414,351,0,0,,,,,,,,,,,,,,,,,,,,,,,,56.1,57.1,57.1,0,0,0,0,100,0,0,54.7,0,0,0,0,0,0,0,0,0,0,1,,,,,,,,,,,,,,,,,,,,,,,,,,,,,,,,,
Antonio Tripp,Florida International,OL,https://premium.pff.com/ncaa/players/2025/REGPO/antonio-tripp-jr/170095/snaps,170095,Florida International Golden Panthers,partial-name+position+team,170095,526,0,32,289,237,0,0,,,,,,,,,,,,,,,,,,,,,,,,60,59.7,59.7,0,0,0,0,100,0,0,70.3,0,0,0,0,0,0,0,0,0,0,0,,,,,,,,,,,,,,,,,,,,,,,,,,,,,,,,,
Bo Blanchard,,OL,https://premium.pff.com/ncaa/players/2025/REGPO/bo-blanchard/156550/snaps,156550,Florida International Golden Panthers,exact-name+position,156550,,,,,,,,,,,,,,,,,,,,,,,,,,,,,,,,,,,,,,,,,,,,,,,,,,,,,,,,,,,,,,,,,,,,,,,,,,,,,,,,,,,,,
Broderick Shull,Auburn,OL,https://premium.pff.com/ncaa/players/2025/REGPO/broderick-shull/198159/snaps,198159,Auburn Tigers,exact-name+position+team,198159,,,,,,,,,,,,,,,,,,,,,,,,,,,,,,,,,,,,,,,,,,,,,,,,,,,,,,,,,,,,,,,,,,,,,,,,,,,,,,,,,,,,,
Cal Grubbs,Liberty,OL,https://premium.pff.com/ncaa/players/2025/REGPO/cal-grubbs/174932/snaps,174932,East Tennessee State Buccaneers,exact-name+position,174932,,,,,,,,,,,,,,,,,,,,,,,,,,,,,,,,,,,,,,,,,,,,,,,,,,,,,,,,,,,,,,,,,,,,,,,,,,,,,,,,,,,,,
Cooper Lovelace,Colorado,OL,https://premium.pff.com/ncaa/players/2025/REGPO/cooper-lovelace/158460/snaps,158460,Colorado Buffaloes,exact-name+position+team,158460,,,,,,,,,,,,,,,,,,,,,,,,,,,,,,,,,,,,,,,,,,,,,,,,,,,,,,,,,,,,,,,,,,,,,,,,,,,,,,,,,,,,,
Daniel Mincey,UAB,OL,https://premium.pff.com/ncaa/players/2025/REGPO/daniel-mincey/190443/snaps,190443,UAB Blazers,exact-name+position+team,190443,,,,,,,,,,,,,,,,,,,,,,,,,,,,,,,,,,,,,,,,,,,,,,,,,,,,,,,,,,,,,,,,,,,,,,,,,,,,,,,,,,,,,
Denell Nix,App State,OL,https://premium.pff.com/ncaa/players/2025/REGPO/denell-nix-jr/204613/snaps,204613,Sam Houston State Bearkats,partial-name+position,204613,236,0,0,177,59,0,0,,,,,,,,,,,,,,,,,,,,,,,,44,50.4,50.4,0,0,0,0,100,0,0,32.9,0,0,0,0,0,0,0,0,0,0,0,,,,,,,,,,,,,,,,,,,,,,,,,,,,,,,,,
Derek Jensen,Iowa State,OL,https://premium.pff.com/ncaa/players/2025/REGPO/derek-jensen/183662/snaps,183662,Iowa State Cyclones,exact-name+position+team,183662,,,,,,,,,,,,,,,,,,,,,,,,,,,,,,,,,,,,,,,,,,,,,,,,,,,,,,,,,,,,,,,,,,,,,,,,,,,,,,,,,,,,,
Desmond Jackson,,OL,https://premium.pff.com/ncaa/players/2025/REGPO/desmond-jackson/183331/snaps,183331,North Carolina A&T Aggies,exact-name+position,183331,,,,,,,,,,,,,,,,,,,,,,,,,,,,,,,,,,,,,,,,,,,,,,,,,,,,,,,,,,,,,,,,,,,,,,,,,,,,,,,,,,,,,
George Silva,,OL,https://premium.pff.com/ncaa/players/2025/REGPO/george-silva/174129/snaps,174129,Oregon Ducks,exact-name+position,174129,,,,,,,,,,,,,,,,,,,,,,,,,,,,,,,,,,,,,,,,,,,,,,,,,,,,,,,,,,,,,,,,,,,,,,,,,,,,,,,,,,,,,
Greg Klingensmith,William & Mary,OL,https://premium.pff.com/ncaa/players/2025/REGPO/greg-klingensmith/159226/snaps,159226,Massachusetts Minutemen,exact-name+position,159226,632,0,0,369,263,0,0,,,,,,,,,,,,,,,,,,,,,,,,60.1,62,62,0,0,0,0,100,0,0,60.5,0,0,0,0,0,0,0,0,0,0,0,,,,,,,,,,,,,,,,,,,,,,,,,,,,,,,,,
Henry Harden,Marshall,OL,https://premium.pff.com/ncaa/players/2025/REGPO/henry-harden/205022/snaps,205022,Marshall Thundering Herd,exact-name+position+team,205022,,,,,,,,,,,,,,,,,,,,,,,,,,,,,,,,,,,,,,,,,,,,,,,,,,,,,,,,,,,,,,,,,,,,,,,,,,,,,,,,,,,,,
Hunter Albright,,OL,https://premium.pff.com/ncaa/players/2025/REGPO/hunter-albright/206171/snaps,206171,Penn State Nittany Lions,exact-name+position,206171,,,,,,,,,,,,,,,,,,,,,,,,,,,,,,,,,,,,,,,,,,,,,,,,,,,,,,,,,,,,,,,,,,,,,,,,,,,,,,,,,,,,,
Isaac Rue,,OL,https://premium.pff.com/ncaa/players/2025/REGPO/isaac-rue/170489/snaps,170489,North Alabama Lions,exact-name+position,170489,0,0,4,0,0,0,0,,,,,,,,,,,,,,,,,,,,,,,,,,,,,,,,,,,,,,,,,,,,,,,,,,,,,,,,,,,,,,,,,,,,,,,,,,,,,,
Jack Hasz,,OL,https://premium.pff.com/ncaa/players/2025/REGPO/jack-hasz/145666/snaps,145666,UNLV Rebels,exact-name+position,145666,,,,,,,,,,,,,,,,,,,,,,,,,,,,,,,,,,,,,,,,,,,,,,,,,,,,,,,,,,,,,,,,,,,,,,,,,,,,,,,,,,,,,
Jacob Hohenshelt,James Madison,OL,https://premium.pff.com/ncaa/players/2025/REGPO/jacob-hohenshelt/189988/snaps,189988,Lafayette Leopards,exact-name+position,189988,,,,,,,,,,,,,,,,,,,,,,,,,,,,,,,,,,,,,,,,,,,,,,,,,,,,,,,,,,,,,,,,,,,,,,,,,,,,,,,,,,,,,
Jakiah Leftwich,,OL,https://premium.pff.com/ncaa/players/2025/REGPO/jakiah-leftwich/143921/snaps,143921,UCF Knights,exact-name+position,143921,,,,,,,,,,,,,,,,,,,,,,,,,,,,,,,,,,,,,,,,,,,,,,,,,,,,,,,,,,,,,,,,,,,,,,,,,,,,,,,,,,,,,
KJ McCou,Tennessee State,OL,https://premium.pff.com/ncaa/players/2025/REGPO/kj-mccou/172865/snaps,172865,Tennessee State Tigers,exact-name+position+team,172865,192,0,9,127,65,0,0,,,,,,,,,,,,,,,,,,,,,,,,50.9,51.2,51.2,0,0,0,0,100,0,0,37.2,0,0,0,0,0,0,0,0,0,0,0,,,,,,,,,,,,,,,,,,,,,,,,,,,,,,,,,
Kyndall McKenzie,Memphis,OL,https://premium.pff.com/ncaa/players/2025/REGPO/kyndall-mckenzie/162527/snaps,162527,Memphis Tigers,exact-name+position+team,162527,0,0,2,0,0,0,0,,,,,,,,,,,,,,,,,,,,,,,,,,,,,,,,,,,,,,,,,,,,,,,,,,,,,,,,,,,,,,,,,,,,,,,,,,,,,,
Marko Luera,New Mexico,OL,https://premium.pff.com/ncaa/players/2025/REGPO/marko-luera/205214/snaps,205214,New Mexico Lobos,exact-name+position+team,205214,,,,,,,,,,,,,,,,,,,,,,,,,,,,,,,,,,,,,,,,,,,,,,,,,,,,,,,,,,,,,,,,,,,,,,,,,,,,,,,,,,,,,
Mason Chorak,UAB,OL,https://premium.pff.com/ncaa/players/2025/REGPO/mason-chorak/173325/snaps,173325,UAB Blazers,exact-name+position+team,173325,,,,,,,,,,,,,,,,,,,,,,,,,,,,,,,,,,,,,,,,,,,,,,,,,,,,,,,,,,,,,,,,,,,,,,,,,,,,,,,,,,,,,
Mathyus Su'a,,OL,https://premium.pff.com/ncaa/players/2025/REGPO/mathyus-su-a/134899/snaps,134899,UNLV Rebels,exact-name+position,134899,,,,,,,,,,,,,,,,,,,,,,,,,,,,,,,,,,,,,,,,,,,,,,,,,,,,,,,,,,,,,,,,,,,,,,,,,,,,,,,,,,,,,
Maysan Neubauer,,OL,https://premium.pff.com/ncaa/players/2025/REGPO/maysan-neubauer/204392/snaps,204392,UNLV Rebels,exact-name+position,204392,0,0,2,0,0,0,0,,,,,,,,,,,,,,,,,,,,,,,,,,,,,,,,,,,,,,,,,,,,,,,,,,,,,,,,,,,,,,,,,,,,,,,,,,,,,,
Mitch Verstegen,Indiana,OL,https://premium.pff.com/ncaa/players/2025/REGPO/mitch-verstegen/188676/snaps,188676,Indiana Hoosiers,exact-name+position+team,188676,,,,,,,,,,,,,,,,,,,,,,,,,,,,,,,,,,,,,,,,,,,,,,,,,,,,,,,,,,,,,,,,,,,,,,,,,,,,,,,,,,,,,
Ni Mansell,South Alabama,OL,https://premium.pff.com/ncaa/players/2025/REGPO/ni-mansell/129559/snaps,129559,South Alabama Jaguars,exact-name+position+team,129559,0,0,1,0,0,0,0,,,,,,,,,,,,,,,,,,,,,,,,,,,,,,,,,,,,,,,,,,,,,,,,,,,,,,,,,,,,,,,,,,,,,,,,,,,,,,
Nic Reeves,Temple,OL,https://premium.pff.com/ncaa/players/2025/REGPO/nic-reeves/191158/snaps,191158,Temple Owls,exact-name+position+team,191158,,,,,,,,,,,,,,,,,,,,,,,,,,,,,,,,,,,,,,,,,,,,,,,,,,,,,,,,,,,,,,,,,,,,,,,,,,,,,,,,,,,,,
Nick Dalessandro,,OL,https://premium.pff.com/ncaa/players/2025/REGPO/nick-dalessandro/160460/snaps,160460,Colgate Raiders,exact-name+position,160460,796,0,0,474,322,0,0,,,,,,,,,,,,,,,,,,,,,,,,60.2,59.1,59.1,0,0,0,0,100,0,0,68.1,0,0,0,0,0,0,0,0,0,0,0,,,,,,,,,,,,,,,,,,,,,,,,,,,,,,,,,
Paris Patterson,SMU,OL,https://premium.pff.com/ncaa/players/2025/REGPO/paris-patterson-jr/172418/snaps,172418,SMU Mustangs,partial-name+position+team,172418,21,0,49,5,16,0,0,,,,,,,,,,,,,,,,,,,,,,,,60.7,59.5,59.5,0,0,0,0,100,0,0,73.1,0,0,0,0,0,0,0,0,0,0,0,,,,,,,,,,,,,,,,,,,,,,,,,,,,,,,,,
Paul Tchio,Massachusetts,OL,https://premium.pff.com/ncaa/players/2025/REGPO/paul-tchio/122160/snaps,122160,Massachusetts Minutemen,exact-name+position+team,122160,,,,,,,,,,,,,,,,,,,,,,,,,,,,,,,,,,,,,,,,,,,,,,,,,,,,,,,,,,,,,,,,,,,,,,,,,,,,,,,,,,,,,
Ryker Haff,Oklahoma State,OL,https://premium.pff.com/ncaa/players/2025/REGPO/ryker-haff/204190/snaps,204190,Oklahoma State Cowboys,exact-name+position+team,204190,0,0,3,0,0,0,0,,,,,,,,,,,,,,,,,,,,,,,,,,,,,,,,,,,,,,,,,,,,,,,,,,,,,,,,,,,,,,,,,,,,,,,,,,,,,,
Sam Browder,Memphis,OL,https://premium.pff.com/ncaa/players/2025/REGPO/sam-browder/198753/snaps,198753,East Tennessee State Buccaneers,exact-name+position,198753,,,,,,,,,,,,,,,,,,,,,,,,,,,,,,,,,,,,,,,,,,,,,,,,,,,,,,,,,,,,,,,,,,,,,,,,,,,,,,,,,,,,,
Sam Riddy,,OL,https://premium.pff.com/ncaa/players/2025/REGPO/sam-riddy/184626/snaps,184626,UAB Blazers,exact-name+position,184626,,,,,,,,,,,,,,,,,,,,,,,,,,,,,,,,,,,,,,,,,,,,,,,,,,,,,,,,,,,,,,,,,,,,,,,,,,,,,,,,,,,,,
Siale Uluave,Arizona,OL,https://premium.pff.com/ncaa/players/2025/REGPO/siale-uluave/166067/snaps,166067,Lincoln (CA) Oaklanders,exact-name,166067,,,,,,,,,,,,,,,,,,,,,,,,,,,,,,,,,,,,,,,,,,,,,,,,,,,,,,,,,,,,,,,,,,,,,,,,,,,,,,,,,,,,,
Syris Corley,California,OL,https://premium.pff.com/ncaa/players/2025/REGPO/syris-corley/188169/snaps,188169,California Golden Bears,exact-name+position+team,188169,,,,,,,,,,,,,,,,,,,,,,,,,,,,,,,,,,,,,,,,,,,,,,,,,,,,,,,,,,,,,,,,,,,,,,,,,,,,,,,,,,,,,
Taccofah Lewis,Memphis,OL,https://premium.pff.com/ncaa/players/2025/REGPO/taccofah-lewis/193168/snaps,193168,Memphis Tigers,exact-name+position+team,193168,,,,,,,,,,,,,,,,,,,,,,,,,,,,,,,,,,,,,,,,,,,,,,,,,,,,,,,,,,,,,,,,,,,,,,,,,,,,,,,,,,,,,
Tanner Rinderknecht,Northern Illinois,OL,https://premium.pff.com/ncaa/players/2025/REGPO/tanner-rinderknecht/205263/snaps,205263,Northern Illinois Huskies,exact-name+position+team,205263,,,,,,,,,,,,,,,,,,,,,,,,,,,,,,,,,,,,,,,,,,,,,,,,,,,,,,,,,,,,,,,,,,,,,,,,,,,,,,,,,,,,,
Terrence Enos,Kansas State,OL,https://premium.pff.com/ncaa/players/2025/REGPO/terrence-enos-jr/144020/snaps,144020,Kansas State Wildcats,partial-name+position+team,144020,122,0,22,55,67,0,0,,,,,,,,,,,,,,,,,,,,,,,,70.6,75.6,75.6,0,0,0,0,0,0,0,53.7,1,1,-3,0,0,1,0,0,0,0,0,65.1,,70.1,1,-4,100,,,,,,,,,,,,,,,,,,,,,,,,,,,
Toluwanimi Tunde,UConn,OL,https://premium.pff.com/ncaa/players/2025/REGPO/toluwanimi-tunde/171063/snaps,171063,Robert Morris Colonials,exact-name+position,171063,,,,,,,,,,,,,,,,,,,,,,,,,,,,,,,,,,,,,,,,,,,,,,,,,,,,,,,,,,,,,,,,,,,,,,,,,,,,,,,,,,,,,
Travis Gray,New Mexico,OL,https://premium.pff.com/ncaa/players/2025/REGPO/travis-gray/157696/snaps,157696,Tennessee-Martin Skyhawks,exact-name+position,157696,,,,,,,,,,,,,,,,,,,,,,,,,,,,,,,,,,,,,,,,,,,,,,,,,,,,,,,,,,,,,,,,,,,,,,,,,,,,,,,,,,,,,
Walker Andersen,Colorado,OL,https://premium.pff.com/ncaa/players/2025/REGPO/walker-andersen/190928/snaps,190928,Colorado Buffaloes,exact-name+position+team,190928,,,,,,,,,,,,,,,,,,,,,,,,,,,,,,,,,,,,,,,,,,,,,,,,,,,,,,,,,,,,,,,,,,,,,,,,,,,,,,,,,,,,,
Will French,,OL,https://premium.pff.com/ncaa/players/2025/REGPO/will-french/193163/snaps,193163,North Alabama Lions,exact-name+position,193163,,,,,,,,,,,,,,,,,,,,,,,,,,,,,,,,,,,,,,,,,,,,,,,,,,,,,,,,,,,,,,,,,,,,,,,,,,,,,,,,,,,,,
Zuri Madison,Arkansas State,OL,https://premium.pff.com/ncaa/players/2025/REGPO/zuri-madison/184390/snaps,184390,Southern University Jaguars,exact-name+position,184390,,,,,,,,,,,,,,,,,,,,,,,,,,,,,,,,,,,,,,,,,,,,,,,,,,,,,,,,,,,,,,,,,,,,,,,,,,,,,,,,,,,,,
Zy'Terrio Lee,Campbell,OL,https://premium.pff.com/ncaa/players/2025/REGPO/zy-terrio-lee/172843/snaps,172843,Campbell Fighting Camels,exact-name+position+team,172843,595,0,45,380,215,0,0,,,,,,,,,,,,,,,,,,,,,,,,57.3,52.4,52.4,0,0,0,0,100,0,0,70.9,0,0,0,0,0,0,0,0,0,0,0,,,,,,,,,,,,,,,,,,,,,,,,,,,,,,,,,
Aidan Glover,,QB,https://premium.pff.com/ncaa/players/2025/REGPO/aidan-glover/184476/snaps,184476,Tennessee-Martin Skyhawks,exact-name+position,184476,,,,,,,,,,,,,,,,,,,,,,,,,,,,,,,,,,,,,,,,,,,,,,,,,,,,,,,,,,,,,,,,,,,,,,,,,,,,,,,,,,,,,
Andrew Body,,QB,https://premium.pff.com/ncaa/players/2025/REGPO/andrew-body/155202/snaps,155202,Alabama State Hornets,exact-name+position,155202,432,0,1,0,187,0,0,,,,,,,,,,,,,,,,,,,,,,,,91.3,60.2,60.2,60,538,4,28,93.7,31,4,,0,0,0,0,0,0,0,0,0,0,0,,,,,,,,,,,,,,81,91,162,114,1754,20,1,8,5,76.4,23.9,2.91,10.8,91,313,,,,,
Braden Waterman,Ole Miss,QB,https://premium.pff.com/ncaa/players/2025/REGPO/braden-waterman/163669/snaps,163669,Mississippi Rebels,exact-name+position,163669,,,,,,,,,,,,,,,,,,,,,,,,,,,,,,,,,,,,,,,,,,,,,,,,,,,,,,,,,,,,,,,,,,,,,,,,,,,,,,,,,,,,,
Brayden Turner,Fresno State,QB,https://premium.pff.com/ncaa/players/2025/REGPO/brayden-turner/204025/snaps,204025,Fresno State Bulldogs,exact-name+position+team,204025,,,,,,,,,,,,,,,,,,,,,,,,,,,,,,,,,,,,,,,,,,,,,,,,,,,,,,,,,,,,,,,,,,,,,,,,,,,,,,,,,,,,,
Christian Hunt,Arizona State,QB,https://premium.pff.com/ncaa/players/2025/REGPO/christian-hunt/172194/snaps,172194,Arizona State Sun Devils,exact-name+position+team,172194,,,,,,,,,,,,,,,,,,,,,,,,,,,,,,,,,,,,,,,,,,,,,,,,,,,,,,,,,,,,,,,,,,,,,,,,,,,,,,,,,,,,,
Dalton Anderson,Washington State,QB,https://premium.pff.com/ncaa/players/2025/REGPO/dalton-anderson/205534/snaps,205534,Washington State Cougars,exact-name+position+team,205534,,,,,,,,,,,,,,,,,,,,,,,,,,,,,,,,,,,,,,,,,,,,,,,,,,,,,,,,,,,,,,,,,,,,,,,,,,,,,,,,,,,,,
David Lynch,,QB,https://premium.pff.com/ncaa/players/2025/REGPO/david-lynch/170120/snaps,170120,Holy Cross Crusaders,exact-name+position,170120,,,,,,,,,,,,,,,,,,,,,,,,,,,,,,,,,,,,,,,,,,,,,,,,,,,,,,,,,,,,,,,,,,,,,,,,,,,,,,,,,,,,,
Emmett Brown,Coastal Carolina,QB,https://premium.pff.com/ncaa/players/2025/REGPO/emmett-brown/157344/snaps,157344,Coastal Carolina Chanticleers,exact-name+position+team,157344,,,,,,,,,,,,,,,,,,,,,,,,,,,,,,,,,,,,,,,,,,,,,,,,,,,,,,,,,,,,,,,,,,,,,,,,,,,,,,,,,,,,,
Grady Brosterhous,Virginia,QB,https://premium.pff.com/ncaa/players/2025/REGPO/grady-brosterhous/156379/snaps,156379,Utah State Aggies,exact-name+position,156379,,,,,,,,,,,,,,,,,,,,,,,,,,,,,,,,,,,,,,,,,,,,,,,,,,,,,,,,,,,,,,,,,,,,,,,,,,,,,,,,,,,,,
Jax Brown,Arkansas State,QB,https://premium.pff.com/ncaa/players/2025/REGPO/jax-brown/204639/snaps,204639,Arkansas State Red Wolves,exact-name+position+team,204639,,,,,,,,,,,,,,,,,,,,,,,,,,,,,,,,,,,,,,,,,,,,,,,,,,,,,,,,,,,,,,,,,,,,,,,,,,,,,,,,,,,,,
Jon Hunt,Coastal Carolina,QB,https://premium.pff.com/ncaa/players/2025/REGPO/jon-hunt/185832/snaps,185832,Coastal Carolina Chanticleers,exact-name+position+team,185832,,,,,,,,,,,,,,,,,,,,,,,,,,,,,,,,,,,,,,,,,,,,,,,,,,,,,,,,,,,,,,,,,,,,,,,,,,,,,,,,,,,,,
Kasen Weisman,Florida Atlantic,QB,https://premium.pff.com/ncaa/players/2025/REGPO/kasen-weisman/171910/snaps,171910,Florida Atlantic Owls,exact-name+position+team,171910,,,,,,,,,,,,,,,,,,,,,,,,,,,,,,,,,,,,,,,,,,,,,,,,,,,,,,,,,,,,,,,,,,,,,,,,,,,,,,,,,,,,,
Logan Inagawa,Drake,QB,https://premium.pff.com/ncaa/players/2025/REGPO/logan-inagawa/206029/snaps,206029,Drake Bulldogs,exact-name+position+team,206029,587,0,1,0,240,0,0,,,,,,,,,,,,,,,,,,,,,,,,67.7,60.1,60.1,121,506,9,20,35,33,4,,0,0,0,0,0,0,0,0,0.8,0,0,57.5,0,,,,,,,,,,,,65.8,63.6,189,128,1376,9,4,9,12,71.7,16.1,3.06,7.3,63.6,268,,,,,
Matt Ivaldi,Fordham,QB,https://premium.pff.com/ncaa/players/2025/REGPO/matt-ivaldi/209633/snaps,209633,Fordham Rams,exact-name+position+team,209633,,,,,,,,,,,,,,,,,,,,,,,,,,,,,,,,,,,,,,,,,,,,,,,,,,,,,,,,,,,,,,,,,,,,,,,,,,,,,,,,,,,,,
Maurice Smith,Chowan,QB,https://premium.pff.com/ncaa/players/2025/REGPO/maurice-smith/167416/snaps,167416,Western New Mexico Mustangs,exact-name,167416,,,,,,,,,,,,,,,,,,,,,,,,,,,,,,,,,,,,,,,,,,,,,,,,,,,,,,,,,,,,,,,,,,,,,,,,,,,,,,,,,,,,,
Myles Jackson,Stanford,QB,https://premium.pff.com/ncaa/players/2025/REGPO/myles-jackson/176619/snaps,176619,Stanford Cardinal,exact-name+position+team,176619,,,,,,,,,,,,,,,,,,,,,,,,,,,,,,,,,,,,,,,,,,,,,,,,,,,,,,,,,,,,,,,,,,,,,,,,,,,,,,,,,,,,,
Patrick Keller,,QB,https://premium.pff.com/ncaa/players/2025/REGPO/patrick-keller/173274/snaps,173274,Temple Owls,exact-name+position,173274,,,,,,,,,,,,,,,,,,,,,,,,,,,,,,,,,,,,,,,,,,,,,,,,,,,,,,,,,,,,,,,,,,,,,,,,,,,,,,,,,,,,,
RJ Johnson,Florida A&M,QB,https://premium.pff.com/ncaa/players/2025/REGPO/rj-johnson/172410/snaps,172410,Colorado Buffaloes,exact-name,172410,0,112,26,0,0,0,59,63.5,,,0,0,0,0,1,7,0,1,0,9,4,37,0,1,0,16.7,0.627,,,,,,,,,,,,,,,,,,,,,,,,,,,,,,,,,,,,,,,,,,,,,,,,,,,,,,,,,,
Ryland Jessee,Michigan State,QB,https://premium.pff.com/ncaa/players/2025/REGPO/ryland-jessee/183537/snaps,183537,Michigan State Spartans,exact-name+position+team,183537,,,,,,,,,,,,,,,,,,,,,,,,,,,,,,,,,,,,,,,,,,,,,,,,,,,,,,,,,,,,,,,,,,,,,,,,,,,,,,,,,,,,,
Stone Earle,Abilene Christian,QB,https://premium.pff.com/ncaa/players/2025/REGPO/stone-earle/123504/snaps,123504,Abilene Christian Wildcats,exact-name+position+team,123504,973,0,0,0,352,0,0,,,,,,,,,,,,,,,,,,,,,,,,84.5,60,60,116,591,12,19,31,36,4,,0,0,0,0,0,0,0,0,0,0,0,,,,,,,,,,,,,,81.3,70.8,442,296,3292,22,11,28,16,74.8,17.8,2.8,7.4,70.8,322,,,,,
Ty Collins,,QB,https://premium.pff.com/ncaa/players/2025/REGPO/ty-collins/198739/snaps,198739,Memphis Tigers,exact-name+position,198739,,,,,,,,,,,,,,,,,,,,,,,,,,,,,,,,,,,,,,,,,,,,,,,,,,,,,,,,,,,,,,,,,,,,,,,,,,,,,,,,,,,,,
Tyler Aronson,,QB,https://premium.pff.com/ncaa/players/2025/REGPO/tyler-aronson/183247/snaps,183247,SMU Mustangs,exact-name+position,183247,,,,,,,,,,,,,,,,,,,,,,,,,,,,,,,,,,,,,,,,,,,,,,,,,,,,,,,,,,,,,,,,,,,,,,,,,,,,,,,,,,,,,
Zebulin Kinsey,,QB,https://premium.pff.com/ncaa/players/2025/REGPO/zebulin-kinsey/198277/snaps,198277,Youngstown State Penguins,exact-name+position,198277,,,,,,,,,,,,,,,,,,,,,,,,,,,,,,,,,,,,,,,,,,,,,,,,,,,,,,,,,,,,,,,,,,,,,,,,,,,,,,,,,,,,,
Albert Kunickis,,RB,https://premium.pff.com/ncaa/players/2025/REGPO/albert-kunickis-iii/162844/snaps,162844,Northwestern Wildcats,partial-name+position,162844,0,0,2,0,0,0,0,,,,,,,,,,,,,,,,,,,,,,,,,,,,,,,,,,,,,,,,,,,,,,,,,,,,,,,,,,,,,,,,,,,,,,,,,,,,,,
Brandon Johnson,Northern Colorado,RB,https://premium.pff.com/ncaa/players/2025/REGPO/brandon-johnson/171854/snaps,171854,Northern Colorado Bears,exact-name+position+team,171854,160,0,18,6,6,0,0,,,,,,,,,,,,,,,,,,,,,,,,67.6,66.2,66.2,81,316,6,16,48.8,19,1,77.1,9,8,66,0,1,65,0,3,85.9,3,0,56.3,1.08,58.9,8.1,-0.3,88.9,,,,,,,,,,,,,,,,,,,,,67.9,207,,,,,
Dakarai Shanks,,RB,https://premium.pff.com/ncaa/players/2025/REGPO/dakarai-shanks/199335/snaps,199335,Troy Trojans,exact-name+position,199335,,,,,,,,,,,,,,,,,,,,,,,,,,,,,,,,,,,,,,,,,,,,,,,,,,,,,,,,,,,,,,,,,,,,,,,,,,,,,,,,,,,,,
Daniel Coles,,RB,https://premium.pff.com/ncaa/players/2025/REGPO/daniel-coles/196872/snaps,196872,North Carolina A&T Aggies,exact-name,196872,0,103,53,0,0,4,40,68.6,,,0,0,0,0,5,8,2,2,0,0,0,0,0,0,0,0,0,,,58.1,,,,,,,,,,,,,,,,,,,,,,,,,,,,,,,,,,,,,,,,,,,,,,,,,,,,,,,
Derrick Carroll,TCU,RB,https://premium.pff.com/ncaa/players/2025/REGPO/derrick-carroll/173129/snaps,173129,TCU Horned Frogs,exact-name+position+team,173129,,,,,,,,,,,,,,,,,,,,,,,,,,,,,,,,,,,,,,,,,,,,,,,,,,,,,,,,,,,,,,,,,,,,,,,,,,,,,,,,,,,,,
Derrick Davis,Pittsburgh,RB,https://premium.pff.com/ncaa/players/2025/REGPO/derrick-davis-jr/146794/snaps,146794,Pittsburgh Panthers,partial-name+position+team,146794,,,,,,,,,,,,,,,,,,,,,,,,,,,,,,,,,,,,,,,,,,,,,,,,,,,,,,,,,,,,,,,,,,,,,,,,,,,,,,,,,,,,,
Domonique Thomas,Ole Miss,RB,https://premium.pff.com/ncaa/players/2025/REGPO/domonique-thomas/156226/snaps,156226,Samford Bulldogs,exact-name+position,156226,0,0,36,0,0,0,0,,,,,,,,,,,,,,,,,,,,,,,,,,,,,,,,,,,,,,,,,,,,,,,,,,,,,,,,,,,,,,,,,,,,,,,,,,,,,,
Dorian Hoze,Nevada,RB,https://premium.pff.com/ncaa/players/2025/REGPO/dorian-hoze/205191/snaps,205191,Nevada Wolf Pack,exact-name+position+team,205191,,,,,,,,,,,,,,,,,,,,,,,,,,,,,,,,,,,,,,,,,,,,,,,,,,,,,,,,,,,,,,,,,,,,,,,,,,,,,,,,,,,,,
Floyd Chalk,,RB,https://premium.pff.com/ncaa/players/2025/REGPO/floyd-chalk-iv/167095/snaps,167095,San Jose State Spartans,partial-name+position,167095,126,0,20,61,7,0,0,,,,,,,,,,,,,,,,,,,,,,,,73.5,47.5,47.5,34,139,2,9,85.3,9,1,73,2,2,0,0,0,13,0,0,26.5,1,0,56.9,0,70.7,6.5,-6.5,100,,,,,,,,,,,,,,,,,,,,,77,116,,,,,
J'Shawn Anderson,Georgia Southern,RB,https://premium.pff.com/ncaa/players/2025/REGPO/j-shawn-anderson/174164/snaps,174164,Georgia Southern Eagles,exact-name+position+team,174164,0,0,46,0,0,0,0,,,,,,,,,,,,,,,,,,,,,,,,,,,,,,,,,,,,,,,,,,,,,,,,,,,,,,,,,,,,,,,,,,,,,,,,,,,,,,
Jamie Felix,Georgia Tech,RB,https://premium.pff.com/ncaa/players/2025/REGPO/jamie-felix/156296/snaps,156296,Georgia Tech Yellow Jackets,exact-name+position+team,156296,,,,,,,,,,,,,,,,,,,,,,,,,,,,,,,,,,,,,,,,,,,,,,,,,,,,,,,,,,,,,,,,,,,,,,,,,,,,,,,,,,,,,
Jordan Barnett,Shepherd,RB,https://premium.pff.com/ncaa/players/2025/REGPO/jordan-barnett/165792/snaps,165792,Morgan State Bears,exact-name+position,165792,,,,,,,,,,,,,,,,,,,,,,,,,,,,,,,,,,,,,,,,,,,,,,,,,,,,,,,,,,,,,,,,,,,,,,,,,,,,,,,,,,,,,
K'Wan Powell,South Florida,RB,https://premium.pff.com/ncaa/players/2025/REGPO/k-wan-powell/144492/snaps,144492,USF Bulls,exact-name+position,144492,,,,,,,,,,,,,,,,,,,,,,,,,,,,,,,,,,,,,,,,,,,,,,,,,,,,,,,,,,,,,,,,,,,,,,,,,,,,,,,,,,,,,
Kylin James,,RB,https://premium.pff.com/ncaa/players/2025/REGPO/kylin-james/150195/snaps,150195,UNLV Rebels,exact-name+position,150195,,,,,,,,,,,,,,,,,,,,,,,,,,,,,,,,,,,,,,,,,,,,,,,,,,,,,,,,,,,,,,,,,,,,,,,,,,,,,,,,,,,,,
Mario Robinson,,RB,https://premium.pff.com/ncaa/players/2025/REGPO/mario-robinson-jr/184719/snaps,184719,Memphis Tigers,partial-name+position,184719,,,,,,,,,,,,,,,,,,,,,,,,,,,,,,,,,,,,,,,,,,,,,,,,,,,,,,,,,,,,,,,,,,,,,,,,,,,,,,,,,,,,,
Moses Gray,,RB,https://premium.pff.com/ncaa/players/2025/REGPO/moses-gray/193216/snaps,193216,Marshall Thundering Herd,exact-name+position,193216,,,,,,,,,,,,,,,,,,,,,,,,,,,,,,,,,,,,,,,,,,,,,,,,,,,,,,,,,,,,,,,,,,,,,,,,,,,,,,,,,,,,,
Ozarrio Smith,UL Monroe,RB,https://premium.pff.com/ncaa/players/2025/REGPO/ozarrio-smith/184323/snaps,184323,Houston Christian Huskies,exact-name+position,184323,,,,,,,,,,,,,,,,,,,,,,,,,,,,,,,,,,,,,,,,,,,,,,,,,,,,,,,,,,,,,,,,,,,,,,,,,,,,,,,,,,,,,
Pokaiaua Haunga,BYU,RB,https://premium.pff.com/ncaa/players/2025/REGPO/pokaiaua-haunga/183768/snaps,183768,BYU Cougars,exact-name+position+team,183768,,,,,,,,,,,,,,,,,,,,,,,,,,,,,,,,,,,,,,,,,,,,,,,,,,,,,,,,,,,,,,,,,,,,,,,,,,,,,,,,,,,,,
Ronnie Crosby,Texas A&M,RB,https://premium.pff.com/ncaa/players/2025/REGPO/ronnie-crosby-iii/175934/snaps,175934,Texas A&M Aggies,partial-name+position+team,175934,1,0,0,0,0,0,0,,,,,,,,,,,,,,,,,,,,,,,,59.1,,,1,1,0,0,0,0,0,,,,,,,,,,,,,,,,,,,,,,,,,,,,,,,,,,,,,,,59.5,1,,,,,
Taj Hughes,Drake,RB,https://premium.pff.com/ncaa/players/2025/REGPO/taj-hughes/160495/snaps,160495,Drake Bulldogs,exact-name+team,160495,548,0,11,0,245,0,0,,,,,,,,,,,,,,,,,,,,,,,,75.6,66.3,66.3,28,131,0,9,96.2,9,1,,70,47,516,2,0,349,1,29,95.3,201,0,74.2,1.95,91.8,7.4,5.2,67.1,,,,,,,,,,,,,,,,,,,,,70.3,101,14.3,,,,
TaRyan Martin,,RB,https://premium.pff.com/ncaa/players/2025/REGPO/taryan-martin/198635/snaps,198635,Kent State Golden Flashes,exact-name+position,198635,,,,,,,,,,,,,,,,,,,,,,,,,,,,,,,,,,,,,,,,,,,,,,,,,,,,,,,,,,,,,,,,,,,,,,,,,,,,,,,,,,,,,
Tito Glass,Miami (OH),RB,https://premium.pff.com/ncaa/players/2025/REGPO/tito-glass-jr/188277/snaps,188277,Miami (OH) RedHawks,partial-name+position+team,188277,13,0,0,0,4,0,0,,,,,,,,,,,,,,,,,,,,,,,,71.3,60,60,9,47,0,1,39.5,2,0,,,,,,,,,,,,,,,,,,,,,,,,,,,,,,,,,,,,,,,69,32,,,,,
Travon Pankey,Washington State,RB,https://premium.pff.com/ncaa/players/2025/REGPO/travon-pankey/205535/snaps,205535,Washington State Cougars,exact-name+position+team,205535,,,,,,,,,,,,,,,,,,,,,,,,,,,,,,,,,,,,,,,,,,,,,,,,,,,,,,,,,,,,,,,,,,,,,,,,,,,,,,,,,,,,,
Trey Tremba,Army,RB,https://premium.pff.com/ncaa/players/2025/REGPO/trey-tremba/190551/snaps,190551,Lehigh Mountain Hawks,exact-name+position,190551,0,0,2,0,0,0,0,,,,,,,,,,,,,,,,,,,,,,,,,,,,,,,,,,,,,,,,,,,,,,,,,,,,,,,,,,,,,,,,,,,,,,,,,,,,,,
Tyrell Reed,UL Monroe,RB,https://premium.pff.com/ncaa/players/2025/REGPO/tyrell-reed/58498/snaps,58498,Florida A&M Rattlers,exact-name,58498,,,,,,,,,,,,,,,,,,,,,,,,,,,,,,,,,,,,,,,,,,,,,,,,,,,,,,,,,,,,,,,,,,,,,,,,,,,,,,,,,,,,,
Anthony Robinson,Ole Miss,S,https://premium.pff.com/ncaa/players/2025/REGPO/anthony-robinson/43630/snaps,43630,Western Kentucky Hilltoppers,exact-name,43630,,,,,,,,,,,,,,,,,,,,,,,,,,,,,,,,,,,,,,,,,,,,,,,,,,,,,,,,,,,,,,,,,,,,,,,,,,,,,,,,,,,,,
Brandon Jacob,UTSA,S,https://premium.pff.com/ncaa/players/2025/REGPO/brandon-jacob-jr/183528/snaps,183528,UTSA Roadrunners,partial-name+position+team,183528,0,19,23,0,0,0,9,68,63.9,74.8,0,0,0,0,1,1,0,0,0,0,0,0,0,0,0,0,0,,,,,,,,,,,,,,,,,,,,,,,,,,,,,,,,,,,,,,,,,,,,,,,,,,,,,,,11,7,11,7
Damani Maxson,Kansas,S,https://premium.pff.com/ncaa/players/2025/REGPO/damani-maxson/183810/snaps,183810,Kansas Jayhawks,exact-name+position+team,183810,0,0,8,0,0,0,0,,,,,,,,,,,,,,,,,,,,,,,,,,,,,,,,,,,,,,,,,,,,,,,,,,,,,,,,,,,,,,,,,,,,,,,,,,,,,,
Decari Prater,Tulsa,S,https://premium.pff.com/ncaa/players/2025/REGPO/decari-prater/204362/snaps,204362,Tulsa Golden Hurricane,exact-name+position+team,204362,,,,,,,,,,,,,,,,,,,,,,,,,,,,,,,,,,,,,,,,,,,,,,,,,,,,,,,,,,,,,,,,,,,,,,,,,,,,,,,,,,,,,
Demarcus Baker,Arkansas State,S,https://premium.pff.com/ncaa/players/2025/REGPO/demarcus-baker/198138/snaps,198138,Arkansas State Red Wolves,exact-name+position+team,198138,,,,,,,,,,,,,,,,,,,,,,,,,,,,,,,,,,,,,,,,,,,,,,,,,,,,,,,,,,,,,,,,,,,,,,,,,,,,,,,,,,,,,
Jared Douglas,Middle Tennessee,S,https://premium.pff.com/ncaa/players/2025/REGPO/jared-douglas/189837/snaps,189837,Cal Poly Mustangs,exact-name+position,189837,,,,,,,,,,,,,,,,,,,,,,,,,,,,,,,,,,,,,,,,,,,,,,,,,,,,,,,,,,,,,,,,,,,,,,,,,,,,,,,,,,,,,
Jason Mitchell,Western Michigan,S,https://premium.pff.com/ncaa/players/2025/REGPO/jason-mitchell/188819/snaps,188819,Western Michigan Broncos,exact-name+position+team,188819,,,,,,,,,,,,,,,,,,,,,,,,,,,,,,,,,,,,,,,,,,,,,,,,,,,,,,,,,,,,,,,,,,,,,,,,,,,,,,,,,,,,,
Jaydon Smith,North Texas,S,https://premium.pff.com/ncaa/players/2025/REGPO/jaydon-smith/190624/snaps,190624,UT Rio Grand Valley Vaqueros,exact-name+position,190624,,,,,,,,,,,,,,,,,,,,,,,,,,,,,,,,,,,,,,,,,,,,,,,,,,,,,,,,,,,,,,,,,,,,,,,,,,,,,,,,,,,,,
Jayven Anderson,Houston Christian,S,https://premium.pff.com/ncaa/players/2025/REGPO/jayven-anderson/173196/snaps,173196,Houston Christian Huskies,exact-name+position+team,173196,0,411,117,0,0,3,177,81.7,82.7,85.6,2,2,0,0,18,43,12,4,2,20,12,114,0,2,4,36.3,0.644,,,93.9,,,,,,,,,,,,,,,,,,,,,,,,,,,,,,,,,,,,,,,,,,,,,,,,,,,,242,109,242,109
Josh Lair,,S,https://premium.pff.com/ncaa/players/2025/REGPO/josh-lair/191291/snaps,191291,Baylor Bears,exact-name+position,191291,,,,,,,,,,,,,,,,,,,,,,,,,,,,,,,,,,,,,,,,,,,,,,,,,,,,,,,,,,,,,,,,,,,,,,,,,,,,,,,,,,,,,
Josiah Dye,Southern Utah,S,https://premium.pff.com/ncaa/players/2025/REGPO/josiah-dye/175635/snaps,175635,Southern Utah Thunderbirds,exact-name+position+team,175635,0,12,120,0,0,0,4,53.9,61.8,75.3,0,0,0,0,0,1,0,0,0,0,0,0,0,0,0,0,0,,,,,,,,,,,,,,,,,,,,,,,,,,,,,,,,,,,,,,,,,,,,,,,,,,,,,,,1,7,1,7
Lamont Payne,Penn State,S,https://premium.pff.com/ncaa/players/2025/REGPO/lamont-payne-jr/170292/snaps,170292,Penn State Nittany Lions,partial-name+position+team,170292,0,5,8,0,0,0,5,43,43.1,,0,0,0,0,0,0,0,0,0,1,1,9,1,0,0,143.8,1.8,,,,,,,,,,,,,,,,,,,,,,,,,,,,,,,,,,,,,,,,,,,,,,,,,,,,,,,3,0,3,0
Nash Burkart,Sacramento State,S,https://premium.pff.com/ncaa/players/2025/REGPO/nash-burkart/201627/snaps,201627,Sacramento State Hornets,exact-name+position+team,201627,,,,,,,,,,,,,,,,,,,,,,,,,,,,,,,,,,,,,,,,,,,,,,,,,,,,,,,,,,,,,,,,,,,,,,,,,,,,,,,,,,,,,
Phillip Harris,James Madison,S,https://premium.pff.com/ncaa/players/2025/REGPO/phillip-harris/184304/snaps,184304,James Madison Dukes,exact-name+position+team,184304,,,,,,,,,,,,,,,,,,,,,,,,,,,,,,,,,,,,,,,,,,,,,,,,,,,,,,,,,,,,,,,,,,,,,,,,,,,,,,,,,,,,,
Zavien Bryant,Temple,S,https://premium.pff.com/ncaa/players/2025/REGPO/zavien-bryant/204328/snaps,204328,Temple Owls,exact-name+position+team,204328,,,,,,,,,,,,,,,,,,,,,,,,,,,,,,,,,,,,,,,,,,,,,,,,,,,,,,,,,,,,,,,,,,,,,,,,,,,,,,,,,,,,,
Andrew Savaiinaea,,TE,https://premium.pff.com/ncaa/players/2025/REGPO/andrew-savaiinaea/157732/snaps,157732,UNLV Rebels,exact-name+position,157732,,,,,,,,,,,,,,,,,,,,,,,,,,,,,,,,,,,,,,,,,,,,,,,,,,,,,,,,,,,,,,,,,,,,,,,,,,,,,,,,,,,,,
Connie Hewitt,Liberty,TE,https://premium.pff.com/ncaa/players/2025/REGPO/connie-hewitt-ii/184689/snaps,184689,Tennessee-Martin Skyhawks,partial-name+position,184689,5,0,20,2,2,0,0,,,,,,,,,,,,,,,,,,,,,,,,59,59.2,59.2,0,0,0,0,100,0,0,67.3,0,0,0,0,0,0,0,0,33.3,0,3,59.6,0,,,,,,,,,,,,,,,,,,,,,,,,,,,,,,,
Dakotah Terrell,Missouri,TE,https://premium.pff.com/ncaa/players/2025/REGPO/dakotah-terrell/198893/snaps,198893,Missouri Tigers,exact-name+position+team,198893,,,,,,,,,,,,,,,,,,,,,,,,,,,,,,,,,,,,,,,,,,,,,,,,,,,,,,,,,,,,,,,,,,,,,,,,,,,,,,,,,,,,,
Drew Clemens,Utah,TE,https://premium.pff.com/ncaa/players/2025/REGPO/drew-clemens/199449/snaps,199449,North Texas Mean Green,exact-name+position,199449,,,,,,,,,,,,,,,,,,,,,,,,,,,,,,,,,,,,,,,,,,,,,,,,,,,,,,,,,,,,,,,,,,,,,,,,,,,,,,,,,,,,,
Jaden Landrum,,TE,https://premium.pff.com/ncaa/players/2025/REGPO/jaden-landrum/184683/snaps,184683,Colorado State Rams,exact-name+position,184683,,,,,,,,,,,,,,,,,,,,,,,,,,,,,,,,,,,,,,,,,,,,,,,,,,,,,,,,,,,,,,,,,,,,,,,,,,,,,,,,,,,,,
Jaxon Shuttlesworth,,TE,https://premium.pff.com/ncaa/players/2025/REGPO/jaxon-shuttlesworth/189807/snaps,189807,Alabama Crimson Tide,exact-name+position,189807,,,,,,,,,,,,,,,,,,,,,,,,,,,,,,,,,,,,,,,,,,,,,,,,,,,,,,,,,,,,,,,,,,,,,,,,,,,,,,,,,,,,,
Jesiah Cornwell,Washington State,TE,https://premium.pff.com/ncaa/players/2025/REGPO/jesiah-cornwell/205509/snaps,205509,Northern Colorado Bears,exact-name+position,205509,0,0,1,0,0,0,0,,,,,,,,,,,,,,,,,,,,,,,,,,,,,,,,,,,,,,,,,,,,,,,,,,,,,,,,,,,,,,,,,,,,,,,,,,,,,,
Kaden Eggett,Utah Tech,TE,https://premium.pff.com/ncaa/players/2025/REGPO/kaden-eggett/201955/snaps,201955,Utah Tech Trailblazers,exact-name+position+team,201955,415,0,49,60,218,0,0,,,,,,,,,,,,,,,,,,,,,,,,65.5,55,55,0,0,0,0,12.5,0,1,66.3,29,24,266,0,2,168,0,12,68,27,149,68.9,1.99,67.6,7,5.8,82.8,,,,,,,,,,,,,,,,,,,,,,,0,,,,
Larry Benton,Vanderbilt,TE,https://premium.pff.com/ncaa/players/2025/REGPO/larry-benton-iii/188505/snaps,188505,Vanderbilt Commodores,partial-name+position+team,188505,11,0,0,1,8,0,0,,,,,,,,,,,,,,,,,,,,,,,,50.2,47.3,47.3,0,0,0,0,100,0,0,66.4,0,0,0,0,0,0,0,0,66.7,1,1,58,0,,,,,,,,,,,,,,,,,,,,,,,,,,,,,,,
Matt Smith,,TE,https://premium.pff.com/ncaa/players/2025/REGPO/matt-smith/98287/snaps,98287,Sam Houston State Bearkats,exact-name+position,98287,329,0,176,51,209,0,0,,,,,,,,,,,,,,,,,,,,,,,,55.6,54.5,54.5,0,0,0,0,0,0,0,73,4,3,13,1,0,7,0,2,54.2,6,101,52.2,0.2,73.1,2.3,1.8,75,,,,,,,,,,,,,,,,,,,,,,,,,,,
Parker Olthoff,,TE,https://premium.pff.com/ncaa/players/2025/REGPO/parker-olthoff/160505/snaps,160505,Drake Bulldogs,exact-name+position,160505,,,,,,,,,,,,,,,,,,,,,,,,,,,,,,,,,,,,,,,,,,,,,,,,,,,,,,,,,,,,,,,,,,,,,,,,,,,,,,,,,,,,,
AJ Barber,,WR,https://premium.pff.com/ncaa/players/2025/REGPO/aj-barber/155366/snaps,155366,Princeton Tigers,exact-name+position,155366,,,,,,,,,,,,,,,,,,,,,,,,,,,,,,,,,,,,,,,,,,,,,,,,,,,,,,,,,,,,,,,,,,,,,,,,,,,,,,,,,,,,,
Akim Lanieux,Arizona State,WR,https://premium.pff.com/ncaa/players/2025/REGPO/akim-lanieux/204621/snaps,204621,Arizona State Sun Devils,exact-name+position+team,204621,,,,,,,,,,,,,,,,,,,,,,,,,,,,,,,,,,,,,,,,,,,,,,,,,,,,,,,,,,,,,,,,,,,,,,,,,,,,,,,,,,,,,
Alfred Jordan,Ohio,WR,https://premium.pff.com/ncaa/players/2025/REGPO/alfred-jordan-jr/175120/snaps,175120,Ohio Bobcats,partial-name+position+team,175120,0,0,9,0,0,0,0,,,,,,,,,,,,,,,,,,,,,,,,,,,,,,,,,,,,,,,,,,,,,,,,,,,,,,,,,,,,,,,,,,,,,,,,,,,,,,
Amare Ary,West Virginia State,WR,https://premium.pff.com/ncaa/players/2025/REGPO/amare-ary/181211/snaps,181211,Idaho State Bengals,exact-name+position,181211,,,,,,,,,,,,,,,,,,,,,,,,,,,,,,,,,,,,,,,,,,,,,,,,,,,,,,,,,,,,,,,,,,,,,,,,,,,,,,,,,,,,,
Ashton Schumann,Central Oklahoma,WR,https://premium.pff.com/ncaa/players/2025/REGPO/ashton-schumann/173313/snaps,173313,Chattanooga Mocs,exact-name+position,173313,,,,,,,,,,,,,,,,,,,,,,,,,,,,,,,,,,,,,,,,,,,,,,,,,,,,,,,,,,,,,,,,,,,,,,,,,,,,,,,,,,,,,
Austin Bolt,Boise State,WR,https://premium.pff.com/ncaa/players/2025/REGPO/austin-bolt/128118/snaps,128118,Boise State Broncos,exact-name+position+team,128118,,,,,,,,,,,,,,,,,,,,,,,,,,,,,,,,,,,,,,,,,,,,,,,,,,,,,,,,,,,,,,,,,,,,,,,,,,,,,,,,,,,,,
Brian Green,Georgia Southern,WR,https://premium.pff.com/ncaa/players/2025/REGPO/brian-green-jr/174243/snaps,174243,Gardner-Webb Runnin' Bulldogs,partial-name+position,174243,25,0,9,0,7,0,0,,,,,,,,,,,,,,,,,,,,,,,,52.4,61.2,61.2,0,0,0,0,100,0,0,,0,0,0,0,0,0,0,0,100,5,0,52.7,0,,,,,,,,,,,,,,,,,,,,,,,,,,,,,,,
Camron Heard,Oklahoma State,WR,https://premium.pff.com/ncaa/players/2025/REGPO/camron-heard/174292/snaps,174292,Oklahoma State Cowboys,exact-name+position+team,174292,,,,,,,,,,,,,,,,,,,,,,,,,,,,,,,,,,,,,,,,,,,,,,,,,,,,,,,,,,,,,,,,,,,,,,,,,,,,,,,,,,,,,
Damari Jefferson,Western Kentucky,WR,https://premium.pff.com/ncaa/players/2025/REGPO/damari-jefferson/184001/snaps,184001,Western Kentucky Hilltoppers,exact-name+position+team,184001,,,,,,,,,,,,,,,,,,,,,,,,,,,,,,,,,,,,,,,,,,,,,,,,,,,,,,,,,,,,,,,,,,,,,,,,,,,,,,,,,,,,,
David Washington,Kentucky,WR,https://premium.pff.com/ncaa/players/2025/REGPO/david-washington-jr/190453/snaps,190453,Kentucky Wildcats,partial-name+position+team,190453,,,,,,,,,,,,,,,,,,,,,,,,,,,,,,,,,,,,,,,,,,,,,,,,,,,,,,,,,,,,,,,,,,,,,,,,,,,,,,,,,,,,,
Daylin Caamano,,WR,https://premium.pff.com/ncaa/players/2025/REGPO/daylin-caamano/204421/snaps,204421,Utah Utes,exact-name+position,204421,0,0,11,0,0,0,0,,,,,,,,,,,,,,,,,,,,,,,,,,,,,,,,,,,,,,,,,,,,,,,,,,,,,,,,,,,,,,,,,,,,,,,,,,,,,,
DeAndre Moore,Texas,WR,https://premium.pff.com/ncaa/players/2025/REGPO/deandre-moore-jr/173164/snaps,173164,Colorado Buffaloes,partial-name+position,173164,416,0,81,0,142,0,0,,,,,,,,,,,,,,,,,,,,,,,,71.7,52.6,52.6,0,0,0,0,21.1,0,0,,49,38,532,4,3,184,2,25,96,216,0,73.3,2.02,69.9,4.8,11.6,77.6,,,,,,,,,,,,,,,,,,,,,,,66.7,,,,
Dylan Lord,,WR,https://premium.pff.com/ncaa/players/2025/REGPO/dylan-lord/185470/snaps,185470,Illinois State Redbirds,exact-name+position,185470,683,0,29,0,244,0,0,,,,,,,,,,,,,,,,,,,,,,,,77.7,68,68,3,16,0,0,50.6,0,0,,96,74,710,5,1,380,8,41,95,315,1,77.7,1.86,91.9,5.1,6.5,77.1,,,,,,,,,,,,,,,,,,,,,59.6,9,61.5,,,,
Dyson Sims,Michigan State,WR,https://premium.pff.com/ncaa/players/2025/REGPO/dyson-sims/190328/snaps,190328,Michigan State Spartans,exact-name+position+team,190328,,,,,,,,,,,,,,,,,,,,,,,,,,,,,,,,,,,,,,,,,,,,,,,,,,,,,,,,,,,,,,,,,,,,,,,,,,,,,,,,,,,,,
Eddie Kasper,Illinois State,WR,https://premium.pff.com/ncaa/players/2025/REGPO/eddie-kasper/164785/snaps,164785,Illinois Fighting Illini,exact-name+position+team-loose,164785,467,2,63,0,195,0,0,60,,,0,0,0,0,0,0,0,0,0,0,0,0,0,0,0,0,,,,,61.2,56.9,56.9,0,0,0,0,22.9,0,0,,47,35,285,0,1,106,2,14,93.7,226,0,60.3,1.2,82.7,3,6.6,74.5,,,,,,,,76.6,,2,2,68,0,0,1,0,100,0,4.9,34,,,66.7,,,,
Elizjah Lewis,Pace,WR,https://premium.pff.com/ncaa/players/2025/REGPO/elizjah-lewis/150764/snaps,150764,Pace Setters,exact-name+position+team,150764,43,0,0,0,11,0,0,,,,,,,,,,,,,,,,,,,,,,,,76.3,61.6,61.6,0,0,0,0,0,0,0,,9,7,148,2,1,69,1,4,93.8,7,0,75,4.93,56.4,9.9,12.4,77.8,,,,,,,,,,,,,,,,,,,,,,,100,,,,
Gekyle Baker,TCU,WR,https://premium.pff.com/ncaa/players/2025/REGPO/gekyle-baker/183817/snaps,183817,TCU Horned Frogs,exact-name+position+team,183817,,,,,,,,,,,,,,,,,,,,,,,,,,,,,,,,,,,,,,,,,,,,,,,,,,,,,,,,,,,,,,,,,,,,,,,,,,,,,,,,,,,,,
Ja'Meer Thomas,Syracuse,WR,https://premium.pff.com/ncaa/players/2025/REGPO/ja-meer-thomas/197632/snaps,197632,Syracuse Orange,exact-name+position+team,197632,,,,,,,,,,,,,,,,,,,,,,,,,,,,,,,,,,,,,,,,,,,,,,,,,,,,,,,,,,,,,,,,,,,,,,,,,,,,,,,,,,,,,
Jace Petty,Arkansas,WR,https://premium.pff.com/ncaa/players/2025/REGPO/jace-petty/172419/snaps,172419,Arkansas Razorbacks,exact-name+position+team,172419,1,0,3,0,0,0,0,,,,,,,,,,,,,,,,,,,,,,,,58.5,,,0,0,0,0,100,0,0,,0,0,0,0,0,0,0,0,100,1,0,59.7,0,,,,,,,,,,,,,,,,,,,,,,,,,,,,,,,
Jaden Perez,Oklahoma State,WR,https://premium.pff.com/ncaa/players/2025/REGPO/jaden-perez/204195/snaps,204195,Oklahoma State Cowboys,exact-name+position+team,204195,,,,,,,,,,,,,,,,,,,,,,,,,,,,,,,,,,,,,,,,,,,,,,,,,,,,,,,,,,,,,,,,,,,,,,,,,,,,,,,,,,,,,
Jamauri Brice,Georgia Tech,WR,https://premium.pff.com/ncaa/players/2025/REGPO/jamauri-brice/199698/snaps,199698,Tennessee-Martin Skyhawks,exact-name+position,199698,,,,,,,,,,,,,,,,,,,,,,,,,,,,,,,,,,,,,,,,,,,,,,,,,,,,,,,,,,,,,,,,,,,,,,,,,,,,,,,,,,,,,
Jaylin Terzado,,WR,https://premium.pff.com/ncaa/players/2025/REGPO/jaylin-terzado/159940/snaps,159940,Western Carolina Catamounts,exact-name+position,159940,87,0,0,0,27,0,0,,,,,,,,,,,,,,,,,,,,,,,,70.4,52.7,52.7,3,16,0,1,42.4,1,0,,10,8,168,1,1,93,1,5,91.2,52,1,73.3,3.23,61,11.6,12.8,80,,,,,,,,,,,,,,,,,,,,,60.1,14,100,,,,
Jenoa Alford,Massachusetts,WR,https://premium.pff.com/ncaa/players/2025/REGPO/jenoa-alford/205043/snaps,205043,Massachusetts Minutemen,exact-name+position+team,205043,,,,,,,,,,,,,,,,,,,,,,,,,,,,,,,,,,,,,,,,,,,,,,,,,,,,,,,,,,,,,,,,,,,,,,,,,,,,,,,,,,,,,
Jessie Campbell,McNeese,WR,https://premium.pff.com/ncaa/players/2025/REGPO/jessie-campbell-iii/147837/snaps,147837,McNeese State Cowboys,partial-name+position+team-loose,147837,480,0,17,0,230,0,0,,,,,,,,,,,,,,,,,,,,,,,,54.1,64.6,64.6,0,0,0,0,15,0,0,,33,20,134,1,3,70,3,9,96,49,0,53.4,0.56,53.7,3.5,6.8,60.6,,,,,,,,,,,,,,,,,,,,,,,27.3,,,,
Jimmy Valsin,Oregon State,WR,https://premium.pff.com/ncaa/players/2025/REGPO/jimmy-valsin-iii/146336/snaps,146336,Oregon State Beavers,partial-name+position+team,146336,0,0,10,0,0,0,0,,,,,,,,,,,,,,,,,,,,,,,,,,,,,,,,,,,,,,,,,,,,,,,,,,,,,,,,,,,,,,,,,,,,,,,,,,,,,,
Kaleb Mitchell,Utah State,WR,https://premium.pff.com/ncaa/players/2025/REGPO/kaleb-mitchell/200226/snaps,200226,Sam Houston State Bearkats,exact-name+position,200226,,,,,,,,,,,,,,,,,,,,,,,,,,,,,,,,,,,,,,,,,,,,,,,,,,,,,,,,,,,,,,,,,,,,,,,,,,,,,,,,,,,,,
KD Dorsey,Georgia Southern,WR,https://premium.pff.com/ncaa/players/2025/REGPO/kd-dorsey/174166/snaps,174166,Charleston Southern Buccaneers,exact-name+position,174166,,,,,,,,,,,,,,,,,,,,,,,,,,,,,,,,,,,,,,,,,,,,,,,,,,,,,,,,,,,,,,,,,,,,,,,,,,,,,,,,,,,,,
Kenari Wilcher,Florida A&M,WR,https://premium.pff.com/ncaa/players/2025/REGPO/kenari-wilcher/174035/snaps,174035,Florida A&M Rattlers,exact-name+position+team,174035,552,0,90,1,199,0,0,,,,,,,,,,,,,,,,,,,,,,,,66.2,69,69,2,10,0,0,131,1,0,60.9,59,40,582,4,3,286,3,23,95.2,223,1,65.5,1.74,72,7.2,10.6,67.8,,,,,,,,,,,,,,,,,,,,,60.8,11,50,,,,
Kevin Green,Washington,WR,https://premium.pff.com/ncaa/players/2025/REGPO/kevin-green-jr/70721/snaps,70721,Washington Huskies,partial-name+position+team,70721,43,0,0,0,23,0,0,,,,,,,,,,,,,,,,,,,,,,,,46.8,53.3,53.3,0,0,0,0,100,0,0,,1,0,0,0,1,0,0,0,95,15,0,47,0,16.4,,1,0,,,,,,,,,,,,,,,,,,,,,,,,,,,
Kevin Holmes,Texas A&M-Kingsville,WR,https://premium.pff.com/ncaa/players/2025/REGPO/kevin-holmes/25058/snaps,25058,Southern Illinois Salukis,exact-name,25058,,,,,,,,,,,,,,,,,,,,,,,,,,,,,,,,,,,,,,,,,,,,,,,,,,,,,,,,,,,,,,,,,,,,,,,,,,,,,,,,,,,,,
Khafre Brown,,WR,https://premium.pff.com/ncaa/players/2025/REGPO/khafre-brown/97398/snaps,97398,Arkansas Razorbacks,exact-name+position,97398,,,,,,,,,,,,,,,,,,,,,,,,,,,,,,,,,,,,,,,,,,,,,,,,,,,,,,,,,,,,,,,,,,,,,,,,,,,,,,,,,,,,,
Kian Johnson,Temple,WR,https://premium.pff.com/ncaa/players/2025/REGPO/kian-johnson/176044/snaps,176044,Temple Owls,exact-name+position+team,176044,0,0,77,0,0,0,0,,,,,,,,,,,,,,,,,,,,,,,,,,,,,,,,,,,,,,,,,,,,,,,,,,,,,,,,,,,,,,,,,,,,,,,,,,,,,,
Kolby Thomas,Louisiana Tech,WR,https://premium.pff.com/ncaa/players/2025/REGPO/kolby-thomas/198683/snaps,198683,Louisiana Tech Bulldogs,exact-name+position+team,198683,,,,,,,,,,,,,,,,,,,,,,,,,,,,,,,,,,,,,,,,,,,,,,,,,,,,,,,,,,,,,,,,,,,,,,,,,,,,,,,,,,,,,
Mac Owen,,WR,https://premium.pff.com/ncaa/players/2025/REGPO/mac-owen/163663/snaps,163663,Mississippi Rebels,exact-name+position,163663,,,,,,,,,,,,,,,,,,,,,,,,,,,,,,,,,,,,,,,,,,,,,,,,,,,,,,,,,,,,,,,,,,,,,,,,,,,,,,,,,,,,,
Micah Matthews,Virginia Tech,WR,https://premium.pff.com/ncaa/players/2025/REGPO/micah-matthews/200028/snaps,200028,James Madison Dukes,exact-name+position,200028,,,,,,,,,,,,,,,,,,,,,,,,,,,,,,,,,,,,,,,,,,,,,,,,,,,,,,,,,,,,,,,,,,,,,,,,,,,,,,,,,,,,,
Michael Phoenix,Sam Houston,WR,https://premium.pff.com/ncaa/players/2025/REGPO/michael-phoenix-ii/183990/snaps,183990,Sam Houston State Bearkats,partial-name+position+team-loose,183990,113,0,6,0,39,0,0,,,,,,,,,,,,,,,,,,,,,,,,60,49.6,49.6,0,0,0,0,50,0,0,,8,4,40,0,0,12,0,3,94.6,0,0,60.7,0.57,76.3,3,8.4,50,,,,,,,,,,,,,,,,,,,,,,,0,,,,
Mitchell January,,WR,https://premium.pff.com/ncaa/players/2025/REGPO/mitchell-january/160496/snaps,160496,Drake Bulldogs,exact-name+position,160496,0,0,19,0,0,0,0,,,,,,,,,,,,,,,,,,,,,,,,,,,,,,,,,,,,,,,,,,,,,,,,,,,,,,,,,,,,,,,,,,,,,,,,,,,,,,
Paul Billups,North Carolina,WR,https://premium.pff.com/ncaa/players/2025/REGPO/paul-billups-ii/170101/snaps,170101,North Carolina Tar Heels,partial-name+position+team,170101,,,,,,,,,,,,,,,,,,,,,,,,,,,,,,,,,,,,,,,,,,,,,,,,,,,,,,,,,,,,,,,,,,,,,,,,,,,,,,,,,,,,,
Preztynn Harrison,Texas Tech,WR,https://premium.pff.com/ncaa/players/2025/REGPO/preztynn-harrison/199314/snaps,199314,Texas Tech Red Raiders,exact-name+position+team,199314,,,,,,,,,,,,,,,,,,,,,,,,,,,,,,,,,,,,,,,,,,,,,,,,,,,,,,,,,,,,,,,,,,,,,,,,,,,,,,,,,,,,,
Rodney Bullard,Michigan State,WR,https://premium.pff.com/ncaa/players/2025/REGPO/rodney-bullard-jr/187890/snaps,187890,Michigan State Spartans,partial-name+position+team,187890,132,0,2,0,55,0,0,,,,,,,,,,,,,,,,,,,,,,,,65.9,72.3,72.3,2,6,1,1,135.7,1,0,,9,5,119,1,0,55,2,3,98.7,49,1,63.8,1.61,76.3,11,16.1,55.6,,,,,,,,,,,,,,,,,,,,,62.7,19,66.7,,,,
Sam Jackson,Oklahoma State,WR,https://premium.pff.com/ncaa/players/2025/REGPO/sam-jackson-v/144682/snaps,144682,Oklahoma State Cowboys,partial-name+team,144682,383,0,25,0,147,0,0,,,,,,,,,,,,,,,,,,,,,,,,52.1,55.6,55.6,29,61,1,5,9.6,4,4,,22,10,86,0,1,29,1,6,56.2,128,0,61.7,0.7,67.5,2.9,7.7,45.5,,,,,,,,50,50.5,67,35,351,1,2,2,3,64.9,6.7,3.63,5.2,50.5,47,20,,,,
Terry Lockett,Eastern Michigan,WR,https://premium.pff.com/ncaa/players/2025/REGPO/terry-lockett-jr/129625/snaps,129625,Eastern Michigan Eagles,partial-name+position+team,129625,287,0,11,0,115,0,0,,,,,,,,,,,,,,,,,,,,,,,,64.9,65.2,65.2,0,0,0,0,10.5,0,0,,37,19,263,1,0,67,3,11,94.8,33,0,65.1,1.61,85.5,3.5,12.1,51.4,,,,,,,,46.8,,1,0,0,0,0,0,0,0,0,3.6,0,,,50,,,,
Ti Mims,South Alabama,WR,https://premium.pff.com/ncaa/players/2025/REGPO/ti-mims/208839/snaps,208839,South Alabama Jaguars,exact-name+position+team,208839,,,,,,,,,,,,,,,,,,,,,,,,,,,,,,,,,,,,,,,,,,,,,,,,,,,,,,,,,,,,,,,,,,,,,,,,,,,,,,,,,,,,,
Tim Grear,,WR,https://premium.pff.com/ncaa/players/2025/REGPO/tim-grear-jr/173507/snaps,173507,Akron Zips,partial-name+position,173507,237,0,31,0,101,0,0,,,,,,,,,,,,,,,,,,,,,,,,65.9,60.5,60.5,0,0,0,0,7.1,0,0,,28,14,178,1,1,46,4,9,95.6,7,0,65.7,1.37,68.7,3.3,13.3,50,,,,,,,,,,,,,,,,,,,,,,,50,,,,
Toric Goins,UTEP,WR,https://premium.pff.com/ncaa/players/2025/REGPO/toric-goins-jr/199470/snaps,199470,UTEP Miners,partial-name+position+team,199470,229,1,24,0,80,0,0,60.1,,,0,0,0,0,0,0,0,0,0,0,0,0,0,0,0,0,,,,,57.3,65.8,65.8,0,0,0,0,15.4,0,0,,26,13,206,1,4,83,3,7,97.3,8,0,56.3,1.42,29.7,6.4,15.2,50,,,,,,,,,,,,,,,,,,,,,,,50,,,,
Trenton Cloud,East Carolina,WR,https://premium.pff.com/ncaa/players/2025/REGPO/trenton-cloud/190407/snaps,190407,East Carolina Pirates,exact-name+position+team,190407,,,,,,,,,,,,,,,,,,,,,,,,,,,,,,,,,,,,,,,,,,,,,,,,,,,,,,,,,,,,,,,,,,,,,,,,,,,,,,,,,,,,,
Ty Doughty,Mercer,WR,https://premium.pff.com/ncaa/players/2025/REGPO/ty-doughty/201356/snaps,201356,Mercer Bears,exact-name+team,201356,146,0,94,8,7,0,0,,,,,,,,,,,,,,,,,,,,,,,,71,58.1,58.1,67,336,2,14,50.8,20,0,18.3,16,11,133,1,1,111,0,5,84.1,11,0,82.2,2.29,64.6,10.1,3.3,68.8,,,,,,,,,,,,,,,,,,,,,67.8,166,0,,,,
Tyler Brown,North Texas,WR,https://premium.pff.com/ncaa/players/2025/REGPO/tyler-brown/199002/snaps,199002,North Texas Mean Green,exact-name+position+team,199002,0,0,7,0,0,0,0,,,,,,,,,,,,,,,,,,,,,,,,,,,,,,,,,,,,,,,,,,,,,,,,,,,,,,,,,,,,,,,,,,,,,,,,,,,,,,
Tyler Williams,South Florida,WR,https://premium.pff.com/ncaa/players/2025/REGPO/tyler-williams/37709/snaps,37709,Akron Zips,exact-name+position,37709,,,,,,,,,,,,,,,,,,,,,,,,,,,,,,,,,,,,,,,,,,,,,,,,,,,,,,,,,,,,,,,,,,,,,,,,,,,,,,,,,,,,,
Zeed Haynes,,WR,https://premium.pff.com/ncaa/players/2025/REGPO/zeed-haynes/173532/snaps,173532,Syracuse Orange,exact-name+position,173532,,,,,,,,,,,,,,,,,,,,,,,,,,,,,,,,,,,,,,,,,,,,,,,,,,,,,,,,,,,,,,,,,,,,,,,,,,,,,,,,,,,,,
